# User, Interest
001_mr,Other
014max,Business
0192474822j,Other
05mer05,Other
09Dimon13,Other
0_0where_am_I,Other
112086,Other
11SegA11,Sports
11gloriya11,Other
1207vera,Other
123qwe123chwiz,Business
1265754,Other
12natalka60,Other
13klima13,Business
13yorgenZinck,Other
14uaaupmarden,Business
1649d947bbae4f8,Other
16rusSergei,Sports
196808Goriainov,Other
1982Nikson,Other
1985Fairy,Other
1993_mihon,Business
1nFi_55,Other
2001kwon,Sports
20081980_80,Other
2013Homyar,Other
20Fedorov,Business
20_markiz,Other
25GOLDMAN25,Sports
2666Dmx,Other
28Rourke,Business
2Siders,Other
2humedh,Other
3188Freemry,Sports
32marialex,Other
3326985,Other
33_20,Other
3an3ik,Business
3c9eb6d2d01d4ea,Business
422danirose,Other
48095batley,Business
493626Naugolnih,Other
4edan1,Sports
55tosha55,Business
5_ruk,Sports
61303gro,Other
621ec83b2d2a485,Business
6vette9,Other
71f67f4afc0e4f3,Other
73t00,Music
761074776,Other
7639099099,Other
79086377184,Business
79507467731,Other
7bb8d6a83656434,Sports
83Ponamarev,Other
86isi,Sports
879nat,Business
89027683383,Other
89163061000,Other
89650257591,Business
90Sasha7,Music
91Truhman,Other
95Dianka95,Sports
9605260,Other
9666163991,Sports
9808giac,Other
9953699,Other
99Erasyl,Music
9d84b2758fb74b2,Other
ABreborndoll,Other
AFerrari17,Other
AGG_Alek,Other
AHHA1982,Other
ALVorobyow2013,Sports
AMarkcum,Other
AMercer20,Sports
AMerchiy,Business
ARIESASLAM,Other
ATraineau,Other
AVolozin,Sports
AZTIECA,Sports
AaloyerAmber,Business
Abdourahman2020,Other
Acronus82,Business
AdamovAzat,Other
Adelhelal1,Business
AdvPavan,Other
AeroPharm,Business
Africanwazobia,Other
AhmadWasim11619,Other
Aidarbek98,Business
Aigulechka_N,Business
AjayAhuja77,Other
AjayKum64987474,Other
Akalle92,Other
Aleksandr0774,Business
Aleksqndra,Music
AlenkaKhortyk,Business
AlenochkaZ,Business
Aleshe4kin,Sports
AlexBobonik,Sports
AlexFemin,Sports
AlexGamper2012,Sports
AlexPrezent,Other
Alexandr_Babiy,Other
AlexandraSharin,Sports
Alexei_sv,Other
Alexey_Rusinov,Business
AlexiyaSashimi,Other
AlfredBonned,Other
AllAmericanInfi,Other
AllaMelnik77,Other
AllisonBoetting,Business
AllisonOrn,Business
AmilaPinnawala1,Business
Amirgab,Business
Amit__Vaidya,Music
AnGordian,Business
AnandPremSagar,Music
AnanthDeval,Other
Anastasiya_Like,Music
Anchoyzina,Sports
AndrewDaineko,Music
AndreyBurnovich,Business
AngH78,Other
AngelMeyerMassa,Other
AngelaPanzani,Other
Ani166,Other
Ania62605686,Music
AnnMarmer,Sports
Antoha86,Other
Anton_52,Sports
Antonok0622,Other
Anuyta987,Other
AnzarkhanC,Music
Apiss43,Other
Arabelladaho,Other
AradhanaReddy,Other
ArinaChulkova,Other
ArkadiyGogol,Sports
ArnoldJorda,Other
ArtemUzyakov,Other
Artem_425,Business
ArtemkaFaPs,Business
ArtistIncIndia,Business
ArtmoneyNew,Other
ArtsemBehlaran,Business
ArunimaPrakash,Other
AryaSajjala,Other
AshishPilote,Other
AsimKhan2845,Other
Asker_Ask,Other
AsmDjm,Other
Aspirchik,Other
Asso_lya,Business
Atomskibomb,Other
Autokrom15,Sports
AvnishVashist,Other
AvreddyReddy,Other
AyersKevie,Other
Azainter1,Other
Azeke99,Other
BDDEvents,Other
BIEBERS_FEVERS1,Business
BNyakutsey,Other
BSporr,Other
Bagautdinow,Other
Bamsaidthegirl,Other
BandiNaidu31,Other
Barthez42,Business
Baster88888,Other
Beingankur28,Other
BernadetteZikul,Other
BeutiflyMixed,Other
BharatSigtia,Music
BhaswatiShrma91,Other
BibEhlvira,Other
Billips1002,Other
BlairAChase,Other
Blaklevin,Business
Bonifacy1100,Business
BonnyLewis,Sports
Boxsgirl99,Other
BrihatEnergy,Other
Britishpatriot3,Other
BrunoSpais,Other
CFruengel,Other
CLondonMayfair,Other
CNishek,Other
CSpiridonov,Business
Cabonclick,Other
CadencesMommy8,Other
Caitiebug1,Business
Caravaneer,Other
CarirbCaroyln,Other
Carolr72001,Other
CarrotFry,Business
CatKem84,Business
Caykin1,Sports
Cekapb777,Business
Celebritimanali,Music
CesarCritics,Business
Chamma77,Other
ChandiniDesign,Other
ChannarNasir,Business
Cheryomuhin,Business
Chezar007,Sports
ChibiChris,Business
Chicchghare,Other
ChristinaZhidko,Other
Chuck_Chatton,Other
Cindymarier,Other
ClassicCabsPune,Other
ColdMan2010,Business
Collaggen,Other
CollineInspiree,Other
CrackersLowe,Other
CraziSexiCool28,Other
CrazySpy1,Sports
DJKesha_A,Other
DJKimThomas,Music
DOVUDBEK3,Business
DZ0778,Business
D_Moiseenko,Other
D_dryomov,Other
Damon43060782,Business
DanilaEtq,Other
DannaDaria,Other
DarhanDARIC,Other
DarrenBjorn,Business
Dasha20014Dasha,Business
DaveySushil,Other
DeadMa3aFaka,Other
DeewanaLadka,Other
DeidreFraney,Business
DemonHron,Business
DenMedved,Business
DenSolovey,Business
Deniska77786,Business
Denny_Zhilistiy,Other
Devendra_shahsi,Music
Dim4ik74,Other
DimaSkozhepa,Sports
Dima_palach,Business
Dimaz1989,Business
DimiceliChase,Business
DinaSavateeva,Business
DinaraShay99,Other
DineshSastry,Other
DiversDiva,Other
DjMash_M,Business
DjTan29,Business
Djuri_bachi,Business
Dokkoks,Other
Dolf_77,Business
DonaldLDwiggins,Other
Dreamworks8Ford,Business
DrezlinC,Business
DvornikMihail,Sports
DxnRob,Sports
DyachkovaKarina,Other
DydyginOleg,Sports
Dylan_White96,Business
Easy_betss,Other
EbGalc,Business
Edgar_Pogosov,Sports
Eelementsinc,Music
EkaterinaUK92,Business
El_Sapryckina,Other
ElderMarisette,Other
EldisM2006,Other
Eleka63,Business
ElenaFilippovaN,Business
ElmurodRtm,Business
ElveNeS1,Other
ElzigRob,Business
Enot_mityay,Sports
EnotikPolosatik,Other
EremeevaSofya,Other
EvilGRFS,Other
Evrof,Sports
F1lover1973,Business
F4Free,Sports
FOvsyannikoff,Other
FPP8,Other
FaganDj,Other
FatimaFarhath,Other
FedMufc,Other
Fedotov90,Music
FedotovOlegEd,Other
FerecovGasan,Business
FineAndVandy,Other
Flower5665,Other
Fomichev72,Other
Formatceft37,Sports
Fostars,Music
FoxeyCoxey0729,Other
FrancedeRock,Other
Franchescaurn,Sports
Frutella07,Business
FuukgikoWk8668,Sports
GMallpani,Other
Gabriel_GST,Other
Gallina2355,Music
Galohca,Business
GarrySchiera,Other
GauravAeiry,Other
GauravMahant,Other
Gavrysh_,Sports
GayDiscreetly,Other
GhantaaEngineer,Other
Ginahanna,Other
Group_YA,Sports
GudivadaLateesh,Other
Gurin1979,Other
GusevArtyom,Other
GutiDn,Other
H4pTi,Music
HCVCoalition,Other
HDassler,Business
HRAnalyticsUS,Other
HTWEETZ,Music
HaganAlli,Other
Hanco2,Other
HayleyJM76,Other
HeatherMHux,Sports
HeatherSchwarz2,Other
Hekwa87,Other
HelenBloom,Other
HelgaMoo,Other
Hellslaer,Other
Hilal73,Business
HomicidalBand,Other
HopeHopekjones,Other
HussainKagalwal,Other
Hutchisonj1,Business
Huz_S,Other
IAkashBhatia1,Business
IBolotina,Other
IChessschool,Sports
IFG13,Other
I_fan_off_n,Other
Ibrahim16552015,Other
IldarPek,Sports
IlshatusDeLacru,Business
ImranMohd092,Other
Imwaseem12,Business
InfidelsWarRoom,Other
Iozamstar,Business
IqoAja,Other
IraPletnyova,Other
IraPlyzhnikova,Sports
IrannaGr,Other
Irina2763,Other
IrinaBylatova,Sports
IrinaIrka0608,Other
IvanZitnikov,Other
JJuchnowski,Business
JUVERRODRIGUEZ,Music
Jaela79jackson,Other
JagdeeshGadde,Other
JaguarMjonna,Other
Jajduy,Business
Jalolbekterra,Business
JanaKladchenko,Other
Janki405,Sports
Jas_jcjk,Other
Jay_Dags,Business
Jbeezer82,Other
JeanCan35324363,Business
JenP50,Other
Jennife08555521,Other
JenningsCristy,Other
JenraineDouglas,Other
Jhenya_Sh,Other
JimJimgreg,Other
Jimmydavid64,Sports
JoeTante,Other
Joey_Noel,Music
JohnDBrook,Other
John_Roxton,Other
JohnsonLive4my4,Other
JojopKari,Business
Jomik10,Business
Jonny_dnepr,Business
JosePassos5,Business
Jude_Sushil,Other
JuicysGirl21,Sports
JuniKohli,Other
JustMilka0525,Music
JyotenK,Other
KBillingsgate,Other
KLHODGE8,Music
KRS9255,Business
KTrushkin,Other
KalvaPrithvi,Other
Kamen_na_dne,Music
KamnaSabharwal,Other
Kanakkupulla_,Other
KananGambarov,Sports
KanicaGarg,Other
KaramVenkatesh,Other
Karthik_R_1986,Other
KashTrivedi,Business
KatenkaPaleha,Sports
Katerina_kar,Other
KavkaOleg,Other
Kazperko,Other
Kdm2003,Other
KeertanaKoduru,Other
KendraFennell,Other
Kendrick102,Other
KettyCook,Other
KhafNastya,Sports
KhandeShrikant,Other
KhareyMenon,Other
KhartaService,Sports
Khudyakov95,Business
Kimhill17,Other
Kiranmusle,Other
Kjfindley7,Other
Klyukva09,Other
Kolycheva,Other
Komarova9,Other
Konstyantyn_Ch,Other
KostarevMaks,Sports
KoutaGkk2815,Other
Krav_Alex,Other
KrigerInna,Other
Kristi292,Music
KristiMosser614,Other
KristinaMcAnuff,Other
KsKnopi,Other
Ksendl,Sports
Ksitaklan13,Sports
Kuntrygirl1977,Other
Kurpuchik,Sports
Kurtinina1,Other
KuziniM,Business
LBSant,Other
LJWGHepCandSM,Sports
LRKGardner,Other
LapikhEk,Sports
Larisa8chudo,Other
LauraKKLos,Other
Lawrencepellic3,Business
LeanneDuty,Other
LegalLaur,Business
Len4668,Other
Lena1994_2010,Other
LenaLed79,Other
Lenxen13,Other
LessaRuat,Other
LesyaLesyal,Sports
Levin4AGZE,Other
Lilenok_,Other
LisaFlea,Other
LisaMasha352,Other
LisenkoE,Other
Liya_Kursheva,Other
Liza_912,Other
LolaFoxy,Other
LorraineWagner,Other
LorriAllen4,Other
Louis61363478,Other
Love090Miss,Other
Loveabove22606,Other
LutanguP,Other
LynnOlamet,Sports
Lyudmila021280,Sports
M1Archie,Other
MAK_in_India,Other
MANISHXFADER,Business
MNallari,Other
MNottenkamper,Other
MORNINGRAYS8055,Other
MUTYALAKATTA,Other
MaMaBearTozser,Other
MaMasha94,Sports
MadamAnechka,Sports
MadamTalika,Other
MadeInMother55,Other
MadisonLiebe,Other
MakarianInna,Sports
MaksNartsis,Other
MalaySanghvi,Other
Malou57Denis,Sports
Mamtamumzi,Sports
MannKiBaath,Other
ManshaIsser,Other
MansuriSheraj,Other
ManzoliKathleen,Sports
MarciaMollman,Business
Margo19100,Sports
MariG2685,Other
Marina89A,Other
MarinaPapenko,Other
MartaGrusha,Business
MashaSig,Other
Masha_loki1,Sports
MaskimMaksim,Other
MathisEmily,Other
Max221912,Business
MaxKnizz,Business
MaximMoanin,Other
MaximNekrylov,Other
Maxim_Chekanov,Business
MayurSinghania,Other
MccreadyDouglas,Other
Meat_Fred,Other
MelissaWatts84,Other
Melki380,Other
MibertX,Sports
Miguel_Angel_SP,Other
MikhailMilord,Other
MilaAleksand,Business
MilwardLaurence,Other
MishKaXD1,Other
Missourigirl82,Other
MnvszaboVickie,Business
Mochadlyte73,Sports
ModiRamdev,Other
MommaWithACause,Other
MoodyAssis,Sports
Mordor_2014,Sports
MoreBecky,Other
MoriQuendir,Other
MotevaMaria,Other
Mounir_KO,Business
MrKIRILL103,Other
MrZorg123,Other
MrsGuitar,Other
Mrsyoungblood04,Other
MsMandie080,Other
MuJlo4ka,Other
Muhamma47688124,Other
MuzikSer,Business
N2Zrd,Other
NLykashenko,Other
NPartizanka,Sports
Na2ys14ka,Business
NadezhdaCh,Business
Naikomina,Other
Naivee13,Other
Narechena_Vitry,Other
Nastena_Dinora,Other
NastyDoDo,Other
NastyaSurenkova,Sports
NataliNata21,Music
Natali_777_,Other
Natalia23071989,Sports
NataliaChebunia,Business
NatalyaGmyrja,Business
NatashkaMuuur,Business
Natasik0,Business
Natasol130888,Music
NaveenJilla,Other
Nazriev1,Business
Nea309,Business
Nedjheret,Other
NeerajKhunger,Other
Negatl1lve,Other
NelsonMomof5,Other
NewJava88,Other
Niagarika,Other
NickGrava,Business
NickiNickib1979,Sports
NikKatolikov,Business
NikPrototype13,Business
NikTattari,Sports
Nika_Kormina,Business
Nikappol,Sports
NikiFinelli,Sports
NikilChand,Other
Nikolas912,Business
Nikson50,Other
Nilesh1704,Other
NinoshaNinidze,Business
NiranjanNkm,Business
NoahPereira28,Business
NobilisMoscow,Sports
Noelle49985829,Other
NokaNike,Sports
NolaCookies,Other
Note_Beno,Other
NrminBarova,Business
NyckydLa,Other
OCDFC,Other
OIgabitex,Sports
OKozlenko,Other
OOOMKA,Other
OaoSokol,Other
OkCuMuPoH,Sports
OksanaLoenko,Other
Oleg6465,Business
OlegTretyakoff,Other
Oleg_Osipow,Business
Olegadance92,Music
OlgaEvdokimova1,Business
OlgaPakhomova1,Business
Olga_kisa998,Business
OmallyBob,Other
OmarKuddus,Other
Omen1022,Business
OniX_37,Sports
Oniskoff,Business
OpanasenkoVlad,Sports
Orakul_84,Sports
Originator_Vol,Other
Ostrov12455,Sports
OttoRazor,Other
Ozzwayne,Other
PAPAWOLFEJACK,Other
PKashinath,Other
PKseniyaM,Sports
PPROger,Music
PaZeTiFcHiK,Other
Pablo2103343,Business
Pagadalasivaku3,Other
PahanBorisenko,Business
PandeyAnsh,Other
PassionEtlamour,Music
PeterDonelan1,Other
PlamenaVl,Other
PoisonRahul,Business
Polant83,Other
Popeyebw3,Other
Popova1,Other
Poppa4jesus,Other
Prajadiary1,Sports
PramodKhedia,Other
PranaavChandy,Other
Prazdnik_skazka,Other
PreetReema,Other
ProgressM1996,Music
Prokopen77,Other
Prostomariam46,Sports
PusyaSvetlanka,Business
QTPiePinay,Other
QueenViktoria1,Sports
RF_Moskva,Other
RHeighter,Business
RPMorrissey,Other
RRuchulu,Music
R_O_M_A_L_D_O_7,Other
RachaelBelben1,Other
RajaniAnkit,Other
RajeshNaredi,Other
Ramik_777,Business
RashmiLight,Other
RaskaoOo,Business
RatanKu37208784,Other
Ratik09,Other
RaviBopparaju,Other
RaviVarma_photo,Other
Raviprofile,Other
RaymondGuyre,Other
RaziaKh68313584,Other
Razorot,Other
ReDeViL2103,Sports
ReddyKaliki,Other
RedkayASvolocH,Sports
ReeAvery,Other
Reebok_style,Other
ReginaShulga,Sports
RepeSuraj,Business
RetroSkzd,Other
Reviewmemommy,Other
Rezial13,Sports
RhinoskinStudio,Other
Rifle___gun,Sports
RimmaVaganova,Other
Rimma_pan,Other
RinatUrussu,Other
RitsM,Other
Riv571,Other
RivannaGrrl,Other
Rjanyavula,Other
RockzzzRehan,Other
Roman_Jukov,Sports
Romario10283,Sports
Romariozzz82,Other
RonankiR,Other
RondaUrey,Music
RoseNowacki,Other
RoyaceAtkins,Other
RubachaKozlik,Business
RussianAiur,Sports
RustamSharifov,Sports
Rusya_Iakimenko,Sports
Rutraiders,Other
Ryosuke_Fukush,Business
S4daff,Other
SAlrabaa,Other
SEkiRakun,Sports
SKemburu,Other
SSchekaeva,Other
SSfirdavs,Business
SSgiacomini,Business
Sabbie2122,Other
SachdevAnkita,Other
SakharovaOlya,Sports
Salamandr_1,Other
SalesHay,Other
Sam05906,Other
SamanthaJoFry,Other
Saniyaz7,Other
SaraNMCox,Other
SaraRzrbckgrl,Other
SarahLadd,Other
Sashi2786Nayani,Other
SatheeshKCP,Other
SathishOmega,Other
Sawok_91,Other
Sbitnev_84,Music
Schlutti,Other
SekarChander,Other
Semak37,Other
Serenya1181,Other
SergeyPlastun,Other
Serkonis,Other
Serveladik,Music
SexArhangel,Music
Sgolodeczkij,Other
ShadowFunFun,Sports
ShaikNilofer,Other
Shailes64330033,Other
ShaliniBhuwalka,Other
ShanieSchmidt,Other
Sharma9Siddhar,Other
SharmaTanwi,Other
SharonJ02207958,Other
Shcherbakov_AV,Other
SheilaNeSmith30,Other
SherryTremper,Other
ShezElements,Music
Shihan786,Other
ShivaniBagani,Other
ShivprakashKum6,Other
Simon_Ekat,Business
SivaRookie,Other
Sks55243872,Other
SlackerInc,Other
Smart_Fitness1,Other
Smokeybear7392,Other
SmoothSkin818,Other
Sokolova1987,Music
SolutionPackers,Other
Sophiaxox20,Other
SosninaMariya,Other
Sotriani,Sports
SparshPhotos,Other
SravanReddy7,Business
SrutiNayani,Other
Stas43443344,Sports
Steilmann_SPb,Other
StillRat,Other
StroynayaSvadba,Music
Subbotina152,Other
SupadhaNallari,Other
SusanChalk,Other
Sushanta1963,Business
SvetlanaGasst,Other
Svetlashka1178,Other
SwansonNikki,Other
Swathimk9,Other
SyedMutaher2002,Other
TERRYVYAS,Other
TFrooz,Music
TMbMdrbTm9A4FIc,Other
Tanushka_31,Other
TapQuencheBar,Music
TarrahSlavens,Other
TashaYstugova,Other
TatyOlga,Sports
Tatyana8559654,Other
TatyanaGrigore5,Sports
TeachingSandy,Other
Temhika,Business
TheFouquetsclub,Other
TheFurryEevee,Other
TheGeneral2012,Other
TheNemo98,Business
This_Love_one,Sports
TiEMumbai,Business
TiruveedhulaPa1,Business
TonkaToy_20,Music
Tonoyan12,Business
Tropical_R_Tans,Other
TusyaFedyanina,Business
TvojaKristina,Other
UCeejay,Other
Uber_Chennai,Sports
Uz_khiva,Business
VINAYGOKUL,Other
VaibhavDhanopia,Other
VaibhavKainFFE,Other
VajjaSateesh,Music
Valera_Bob,Other
VasquePaulo,Other
Veronika_Rudina,Other
Vfrfhjdrf,Other
VickieVN,Other
VictoriaMarmot,Other
Victoria_Medal,Business
VidushiMarda,Other
VijsinSingh,Sports
ViktoriaGera,Other
Vishnevskyi357,Other
VitaliyPeychev,Other
VivekRaj95,Other
Viveorica,Other
VladRvg28,Other
VladimirDren,Business
Voldemur1,Other
VolkViktoriya,Business
WERTUS18,Business
WeAreHyderabad,Other
WhrzParty2nt,Music
WilliamMeloy,Other
WulfKostya,Other
Wuzzupp13,Music
Xo_its_Charley,Other
XxJo3yxX_15,Business
YUTyERAMU4882,Other
Yarick_Batuev,Other
Yarosh_Masha,Business
YbrandC,Other
Yeeaah_baby,Other
YudinaKatya,Business
YuliaBakumenko,Sports
YuliaChu,Business
YuliyaVassyanin,Other
Za_Pravdu_Ura,Other
Zaozabot,Other
ZhaoYuxia,Other
Zhenek_88,Business
ZoyaHerman,Other
_025685801039,Sports
_1114588225491,Business
_327400502719,Business
_3446474699143,Business
_550381842084,Business
_79227502183,Business
_797688494328,Other
_8870698971913,Other
_CRASHMAKER_,Other
_Oklick_,Business
_R_u_D_r_A_,Music
_ser9ey,Other
a18091976,Business
a2228071,Other
a48484848z,Other
aartil88,Other
aashyadav,Other
abatishev82,Other
abbottcherry8,Other
abhisheksinghgk,Business
abramovasi,Business
acdelko2,Sports
addy7007,Other
aditinishtala,Other
aditisingh2306,Other
adityaksahu,Other
aeforman,Other
afterearthrecs,Other
ahakeitforme637,Other
ahamanandam,Other
ahmaz20500,Other
aishwarya2287,Other
aj_schlegel,Other
ak12hapki,Other
akhmadafandi40,Music
akmdeye,Other
akshaymedi18,Business
aktau24,Other
al01091983,Business
al_eks_and,Other
alan_art,Business
alanab35173,Other
albert_kuv56,Sports
aleksejj090575,Other
aleksis1410,Sports
alena69182,Other
alena_taubert,Other
alenka1291,Other
alex_20101964,Business
alexbel6,Other
alexntt58,Other
alexsulgenko,Sports
alexwrc98,Business
alfeery,Other
aliathakur223,Music
alig1992,Business
alina29012003,Other
alinam333,Other
alisha1606,Other
alisonburston1,Other
alja675,Business
alma_can,Business
aluricreations1,Other
alzshura2010,Music
ama3007,Other
amaizon66855,Other
aman5512,Business
amandagraham611,Other
amandeep14,Other
amanpokarna88,Other
amaslov2119,Other
ambuh04,Other
ameet_007_in,Other
amilpurlakhan,Music
ammar00057,Business
amoldorle,Other
amrishyash,Other
amy_wolford,Business
anahernandez52,Other
anam_mirzafc,Other
anastasiya_0995,Business
anatolii1001,Other
anatoly123459,Business
andreyvard,Other
andryxa724,Business
andrzej_tkach,Other
aneliqueparadis,Other
angiekeen,Other
ani_khandekar,Other
anirudh_89,Other
anistanusha,Business
anja_bydennaja,Other
anjela_kzn,Business
ankitamittel,Business
anna70111,Other
annadagomis,Business
annamary777,Other
anschiavojr,Other
antonrex1984zx,Other
anyta050687,Business
aqsa_fatima,Other
aram21293,Business
arkasha19rus,Other
armaturshiki,Other
arrder1,Other
artem8855,Other
artemartemevqw,Business
artemtzelishev,Other
arturshicago,Other
artym85,Other
aru483dvg,Other
arun_r1604,Other
arunmasterpiece,Other
as05265374,Other
ashleyrreeves,Other
ashokkummar85,Other
ashotiks,Music
ashupassi,Other
asrasad,Other
astacy6276,Business
astana_milaya,Sports
asyedusman,Business
ataman1802,Other
atasteofnow,Other
athubbard,Other
atlantida1309,Sports
avinassi,Other
avotto,Other
avrora19,Other
ayub64rus,Other
baddass4,Music
baianara,Sports
bait_papas45,Other
balandos_32,Business
bambu4a23,Sports
bandaru_anil,Other
baniaboyz,Other
barbmn15,Other
barrie391fahr,Business
baynazarovpavli,Other
bayron_lyan,Music
bayzar94,Other
bazarov31,Other
begun1986,Other
bekzod__uzb,Music
beliychudo,Sports
bencerley351,Other
bernadette1515,Other
bertiBlake,Other
besenok1512,Other
beshenyjzayaz,Other
bessenpries,Other
bethdros,Other
bhandarirohits1,Other
bhavna_ashar,Other
bhbyrf1965,Business
bialek_fix,Other
bigbolt2010,Sports
bikmaevalia,Business
bikramsinghdhan,Music
bird_net,Other
birdyb1980,Business
bjump_nh503037,Music
blackkataryn,Business
blakbook2,Sports
blakeneymyz45,Other
blinnoff,Sports
blkslnt,Music
bloodyoomans,Other
blount0396,Other
bluedolphinseas,Business
blume_die,Business
bnizab,Sports
bobh_hayes,Other
boecelec,Other
bogjake4965,Other
borkly,Other
boy_sweetberry,Business
bramber1,Other
breezingwinds,Other
brett_barton,Business
brugen471,Other
brunopaul1,Other
brussnichka,Other
brynncreative,Business
bulanovaolga,Other
buraksergejj,Other
buriaga1,Business
buyinzaladam2,Business
bwinter14,Other
cadeesp,Other
calebcurry13,Business
candice0901,Other
cantfi,Other
capralowa1811,Business
cas_mde_rhb,Other
casper52rus,Other
cbaumscn,Other
ccfdbee,Other
cendrol,Other
cgbldtq,Sports
cghiz66paola,Other
charanteja29891,Music
charithareddy,Other
charushah42,Music
chaudhuryk,Other
chepikovaa,Other
cherkasskyda,Business
chethanlakshmis,Other
chictopia,Other
chinchilla0306,Other
choudhery1821,Other
chris4ever4,Other
chris806055,Other
chriskelly_1984,Other
chuev2v,Music
chuvak1995129,Other
cicterna,Other
cinulm,Other
ckarnatakam,Other
ckbreid,Other
ckingulove,Other
clarecamoeira,Other
clay_nissan,Other
clive16Hector,Other
clowntommy,Business
cmFSHBCOErMP7V8,Other
cmertinaelena,Other
cmontclair,Other
col_aloksharma,Music
coladisj,Sports
compubine_akay,Other
confabulated,Other
cordell51030,Other
coredogy,Other
cpamom65,Sports
creditprosto,Other
crysbranch,Other
cycolondres,Other
d0ugie_d0uG,Other
d_i_x,Other
dabstolz,Sports
dadeke,Business
dagakrishna22,Other
dani_antuna,Other
danik17055,Other
dannydjent,Other
dar0909,Other
dar_ivanovna,Other
darker_ua,Other
darkman_69,Sports
dasha_red84,Sports
dashenka_92,Sports
dashkaivaha,Sports
dasigachev,Business
dav18478,Sports
davidraj77,Other
dawngiger,Other
daylehawkims,Other
dclark1976,Other
debra_1390,Other
deejay_arpan,Business
deepakdhody1,Other
deeptirupani,Other
delafryz,Other
den09111994,Sports
den_forsash,Sports
derek_holbird,Other
derek_roche,Sports
desdiamond9274,Business
detroitmike,Other
dfpurcell87217,Other
diannameredith,Other
diesel777_mail,Other
different40,Business
dilthrob2,Other
dimashukin1989,Other
dimon2303_2011,Business
diriltingy,Other
dj_krishi,Other
dj_makar,Other
djaksofficial,Music
djon7865,Other
djotsi,Business
djpreet,Music
djsameer,Other
djshivaprasad,Music
dmhill09,Music
dmitrij_j,Sports
doc_socion,Business
dollbabys29,Other
dolphinracer,Other
domtrav2,Business
dondrachambers,Other
doodlebug42,Business
doooc,Sports
dorihouston13,Other
doxideniss,Music
draydinray,Other
drvinaykumard,Music
dshostru,Other
dsolov1,Other
dulabaev,Sports
durang81,Other
e1darka,Sports
edensmith182,Other
edinros15,Other
ehijele2k,Other
el_someone,Other
elektro774,Business
elena1981gr,Business
elena_allina,Other
elenae21,Business
elenapykaleva,Other
elisaaustin,Other
eliza23_04,Other
elizabe90823169,Music
elsha81,Other
elstonlisa34,Other
elsworth4,Other
elwiras2,Sports
emilysrest,Other
endravathravina,Other
eneely83,Other
engamjed999,Other
erbol89,Sports
ericakwaddell84,Other
ermak7681,Sports
ermolka191,Sports
erzhan_isin,Other
essemgroup,Other
evgenoyr45,Business
exoticbounty,Other
f942384ea332438,Other
fahimsyed1007,Other
faraon113,Business
fathom222,Other
fenil2895,Other
fernandesdelma1,Other
fernaseldous,Other
feruza3120,Other
filippa12zz,Business
filkin_nikolay,Other
fill_79,Other
fivan61,Other
fkc5,Other
fled1234,Other
fonya067,Other
foomama03,Other
for_D_A_T_I_N_G,Sports
fridenanders,Sports
fuckupsimply,Business
g_tweeps,Other
gadawg094,Other
gadomskii1,Sports
gakoev2,Music
galleryhyatt,Other
gamblinb,Other
gandhikaushik,Other
ganguly_subarna,Other
garagavto,Sports
garcia_ruiz,Business
garland_kristy,Sports
garrin33,Other
gavingcleary,Other
gazalrawlyani,Other
gbakhtamyan,Sports
gdhsah,Other
gefimchenko,Business
gelion2000,Sports
geomastera,Other
georgiy14,Other
georgy_eliseev,Other
germany_06,Sports
getrunZ,Business
ghaslan_81,Other
ghost_171186,Other
ghostinadeli,Other
glebaizrelish,Sports
gluckovvadim,Sports
gmohit206,Other
goatul,Other
goenkadaisy,Other
goloper,Music
gonzik_bga,Sports
gorbunovai,Other
gordidoc,Other
gosha1421,Other
gourav_baveja,Sports
gourirakeshkuma,Other
gpkinlaw,Other
gr7171,Sports
grayngabesmom06,Business
greatestfanclub,Other
grebelniy,Business
greggoryarmandt,Other
grekklim,Business
grishakanakoff,Business
grishman1981,Music
gruzdevakatya,Business
gunjanr5,Music
gunjapraveen6,Music
gunningstudios,Other
gupta4419,Other
guptacreation,Other
guptashashank92,Other
gussie1073,Business
gvvartbeat,Other
gwini4,Business
h2owatta,Business
haeinjudy,Other
hailey248553,Other
haircolormama,Other
haleahrose,Business
hamedhamed259,Music
hamuzods_gnhjx,Other
haniketh,Music
haranadhprasad,Other
hariprawin,Other
hartwigmonique,Business
hda1994,Business
hdyxrsij,Other
heatherjones913,Business
heenagr,Other
hemlock50245xs,Other
henningb1797,Other
henrytatkinson,Other
herbertvanphilb,Other
hielkebaron,Other
hitendraagrawal,Other
hlebushek12,Business
honeydo3145,Other
hpt18,Other
hurmujhahid,Other
iAmLauriieyg,Business
iJhatuuZindagi,Other
iMarketing_E,Business
iamgigoloindore,Business
iamrulevo,Business
iamshivas,Sports
iamsnazzykhan,Other
idontknow676,Other
iemasumi6l65,Other
iffurehaan,Other
iggor6419,Business
igopishh,Other
ikkaraiks,Other
ikpss,Other
ikshith,Other
ilan_gray,Music
iliaskasrast,Sports
ilizatwittcame,Other
ilovedenis12121,Other
ilusha_korovkin,Business
iluvmythirtyone,Other
imZaib12,Other
im_your_deja_vu,Business
imanhateb,Other
imartova,Other
imcreynolds52,Other
imjg250,Other
imom222,Business
imran1023,Other
indivibe,Music
interfais78,Business
ioru90,Other
irina03031953,Other
irina715,Other
irina_gromova_1,Music
irixpopova,Sports
ishirokuro,Business
ispetrov1,Business
itsjram,Other
itsmeneerajj,Other
ivanchigrin,Business
ivanovskii101,Business
ivanqn2,Business
ivonne616,Business
ivspasov,Business
j15e_,Other
jackieleila,Other
jadono2,Music
jag028,Other
jaimeh0304,Sports
jaken_ru,Sports
james_dione,Other
jamieranah,Sports
jandjmaxwell,Other
jangalichev,Business
janreichelt1,Business
jantuar2002,Business
janzalone,Other
jas_bry_lev,Other
jatinbrd,Other
jayaspu,Other
jayden_woo10,Other
jaydensmommy63,Other
jcalton82,Other
jcannon50,Other
jeannegallo,Other
jeckson_kent,Sports
jenHDhall,Other
jenashton12,Other
jenkburk,Other
jennstick,Other
jensolivia07,Other
jerseymami1988,Business
jessilinn87,Other
jewellmcsweeney,Other
jfanth,Business
jhaparag,Other
jjeben1,Other
jjgreenbags,Other
jjjones2424,Other
jjuancampos02,Other
jladlercpa,Other
jmbarto1987,Other
jncreed,Other
joette5,Other
johndav54219,Business
johndrummergama,Business
jopaIPAD,Other
jp1220gj,Other
jrakum,Business
jthomas87,Other
jthowefl,Other
juliogustavo20,Business
justine_edge,Other
justme2922,Other
justwantsamsD,Other
k512Lexa,Business
ka1r_kz,Business
kabarda5266,Other
kalyanbarik07,Other
kalyanrai2003,Other
kanab,Business
kanakaa1,Other
kariKarina59,Other
karkavina85,Business
karpii_oleg,Business
karunakarmacha,Music
katekuxarenko,Sports
katenkadobroe,Business
katerinka961800,Music
kathhryyynnn,Other
kathieYasko,Other
katia_katia_86,Business
katuninaelena,Business
katuwe4ka007,Other
katya_2110,Other
katyakiss1998,Other
kav491,Business
kayur_2010,Sports
kazeno2009,Business
kcardinal2,Other
kdlopez2,Business
kellyannelizbth,Other
kellyshewes,Other
ketanydv,Other
keyoy1,Sports
khalid4b0,Other
khan_nasair,Other
kicherova2011,Other
kindomkame,Other
kiranvuchil,Other
kirtok57,Other
kiruxa023,Business
kisa_20,Other
kisin7765,Business
kisses8585,Sports
kitchenTQK,Other
kitners,Other
kkkdjhfyf,Other
kleberlopes10,Business
klim1a,Other
klim_ue,Business
klyaksl,Other
klyuchnikovden1,Business
kmorisett,Other
knoef_danelle,Other
kol_ga,Business
koljan011286,Other
kolotvin,Business
komarovii,Business
konkottsrinivas,Other
konsingo1,Other
konstantinniko1,Other
kopilov68a,Business
koptevavary,Business
korpechkin,Other
korzinoka777,Sports
koscheev,Other
koshak0111,Sports
koshevin,Business
kotenok_ao,Other
kourtmtdel,Other
kozhukhova1,Other
kozin045,Business
kozjerok1210,Other
kpa6hide132,Other
kpe7erson,Business
kras_skandy,Business
krasnoffserega,Other
krisaploch,Other
krisjt69,Other
krislynn1974,Other
kseni_rodina,Business
kshiver01,Business
ksr1111,Other
ktaylor1124,Other
kthuffgirl,Other
ktshlds,Other
kukla_in,Other
kukorax,Other
kulaevas,Other
kunjos,Sports
kushagrajo,Other
kutchlucas,Other
kvannett,Other
kyleeav,Other
kym_64,Other
lCClMagnit,Other
l__Julie__l,Other
l_yakovenko,Sports
la5st4bmaroe,Sports
ladino2,Other
ladka_yo,Other
lady_ryajskaya,Business
lakshred,Other
lalaland579,Other
lalatimothyomu,Other
lana6669991,Other
lana_1_3,Other
landinvestmenti,Business
lanlexmom,Other
lanysikchera,Sports
larasaitik,Other
larisik1980,Music
larkakvint1,Other
laural319,Sports
laurarobakowski,Business
lawless_b,Sports
lchina1989,Sports
lecnoid,Other
lemond0110,Other
lena150213,Other
lenusechka27,Sports
leo1994_94,Business
leondrak971,Other
leonova011,Other
lesja199035,Sports
lexisrj9112,Other
li_h_il,Other
libbycvngtn,Other
libbynota,Other
lil_berka,Other
lilgina527,Other
liliya20031,Other
lilseximama88,Other
linaramirov,Other
linniegram,Other
lisabennett628,Business
lisakrehb12,Other
litTane4ka,Sports
livia3330,Business
lizkacyper2000,Other
llhlaw,Other
llllalpine,Business
llraffNi,Other
lm7772,Sports
lmSBgKOMOme,Music
lochjawznsharky,Business
lokesh_ca,Other
lolezet,Business
lomeshkelwadkar,Other
longrunworks,Other
loril43101564,Other
lorriewillems,Other
losbourne,Business
lovadarinalova,Business
love4uhell,Other
loveniacll,Other
lowenstein31355,Other
lredjansen,Other
lubkinss,Other
lubniks,Sports
luisjeremy2,Other
luka120579,Sports
lupus247,Other
luvtayal11,Other
lyamito,Other
m_magdali,Other
m_shield,Other
maden15169,Other
madras_events,Music
maebary6,Other
mafiozimaf,Other
magamed446,Other
maggiewatson23,Business
maheshgarg92,Other
maiacomp,Other
mailuu9,Business
makarena0777,Sports
maksik172,Business
malar722,Business
malinannushka,Sports
manyn4uk,Other
margarita_rti,Sports
marinina_89,Business
markships,Business
maroomshop,Other
marroquinedgar,Other
marthac0817,Other
mary_onley,Other
maseino,Business
masha777masha1,Sports
matheskath,Business
mattia5810,Business
matveev9217,Music
matveew78,Other
max_tehno,Other
maximmmmm89,Other
maximus_est,Business
maximusgold1,Other
maximuuk,Other
maxxdoutek9,Other
maya525273,Other
mays_katie,Other
maza_si,Sports
mbrn90,Business
mcdreamteamfan,Other
mchenry_amanda,Other
me2uto,Other
mechta4691,Sports
medvedevgera,Business
medvedmarina,Sports
megakarina2012,Other
meganbeardsley7,Other
mehtarasesh,Business
melanie9275,Other
melissa_young00,Other
melissadana,Sports
melittaim,Business
melvinevinaik,Other
memanii,Other
meng8408,Business
merges_brian,Other
merriannie64,Other
merzlya87,Sports
meskalini,Business
met235,Business
mfpackaging,Other
mihail7294,Sports
mihalev_d,Other
mihalyc666,Music
miheles1,Music
miisupov,Other
milenatitova1,Other
milligj71,Other
mir71rus,Business
misaamane19,Business
mishany52,Other
mishinmihail1,Business
mit9kot,Other
mitzimac16,Other
mixael75,Sports
mkas99,Music
mkatya334,Business
mlscherer13,Other
mlymperis,Other
mochalkinaliliy,Other
modrnAlex,Business
mohammedazharu,Other
mohd_pistahouse,Other
mohdzafar89,Business
molikovainna,Other
mommyjulius,Other
momof2kids2love,Music
mon420ica,Business
mons_mazarini,Business
moodyml,Business
morganmullins30,Other
mostafa196522,Business
movz95,Other
mplickteig,Other
mr_manish,Other
mr_order58,Other
mr_puntastic,Other
mranjaan99,Other
mrsliz81,Other
msbinkavgaamy,Music
msrirung,Other
mssullivan69,Other
mstetsunova,Other
mudit_bhandari,Other
mugaev_romi,Business
muhsin_1974,Other
mukaramalikhan,Other
mureeder,Other
muzkub,Sports
mwMxANXxx05,Sports
myalenyshka,Other
myaro79,Other
mzagorskaya,Other
mzmsandhu,Other
n_v_shevchenko,Business
nacnif,Music
nadsru,Music
naemnikk,Business
nakessien,Other
nakon22891,Other
naperkovez09,Music
naresh_kochhar,Other
nastastasya,Music
nastkb,Other
nat62442937,Music
nataliazenkina1,Other
nataliyasoya,Other
natalybekke,Other
natuly772,Sports
navneetmunothja,Other
navneetmunotjai,Business
navugill17,Business
nclub29,Other
near_notoriety,Other
neer007,Other
nefedov2005,Other
negdanov,Sports
negimanish1110,Other
nehajain1610,Other
nest2505,Music
nextnext1985,Business
nickhayward49,Other
nicolciknika,Business
nicoweikl20,Sports
nik653489,Business
nikhil8001,Other
nikita665samara,Sports
nikita_pav,Business
nikitaxq,Business
nikolaygPysch,Business
nikshra,Music
nilsh20,Business
nimnogonado,Other
nirajbansal12,Other
niratiagarwal,Other
nirmalaral1,Sports
nitinkumar85,Other
nk19731,Sports
nnnn9543,Other
noki661,Music
novu9,Business
npratik007,Music
nrgotiga,Other
nt123_,Business
ntvolley,Other
nung46,Sports
nurbeka1,Other
nurok_a,Sports
nurse_audrey_jo,Other
nympheya,Other
o4eBugHo,Business
odessa55555,Other
odessitka_2012,Business
offers2godeals,Other
officermarti,Other
ogshatalina,Sports
ojethelstan3568,Other
okelux,Sports
oksanakomi,Other
oleg19681,Business
oleg96rus,Other
olegburko1,Other
oleghi1978,Business
olesjonok,Music
olga_svetina,Business
olgabugako,Other
olgahvan53,Other
olgalelyasmirno,Business
olgastar6,Other
olyagala,Sports
olysa2008,Sports
only2mudita,Other
onteru,Other
opthalmic1410,Other
orenburg_sergey,Other
orfida086,Other
owais45659306,Business
padmaalluri,Other
pahanchikd,Sports
paijeca,Other
pamela_wiseman,Other
panda_manda25,Other
pankaj62bhargav,Other
pantbhatt,Other
parkhomsasha,Other
parthpatel120,Other
patapon297,Business
pavel1057,Other
peavsters,Other
personfalNovah,Music
petr_gr,Sports
petra46176038,Sports
petrov121_,Other
petruha81,Business
pewpew228,Business
phillipstamela,Other
piarov2012,Music
pitashuly001,Business
pitbullzeus,Other
pj_david19,Business
pjvjr,Sports
pkkanth,Other
pna79,Other
pneerajsharma,Other
poofyfunk,Other
portageSOLf,Other
powerjudge,Other
pradnyabesekar,Other
prakharsingh_,Other
prakulck,Other
pranavmenon19,Other
prasadjyothula2,Other
prashanthraj_27,Other
prat33ksha82,Other
pratiwi_joana,Other
praveen_reddy1,Other
preaty_kisa,Music
prernamotwani,Other
prevatt_alexis,Other
princesscoffman,Other
priyamagarwal,Other
priyashores,Other
programer00,Business
proisel,Business
prokin95,Business
prostoDAGs05,Other
proteuss1,Business
pu561721,Sports
qalibqalib78,Music
qw2erty,Other
qweqwe30667496,Business
rachieann86,Other
radeckyi,Music
raf16rus,Other
raghurpoduval,Other
rahuldawar92,Other
rainawithsky,Other
rajks73,Other
raju10d,Other
rameshyakkali,Business
ramiroastie,Business
ramu905,Other
ranan1,Other
randy_rabrth,Other
raptorcanoe,Other
rashidkunnath_9,Other
ratlisha,Other
ravidamonk,Other
ravina2312,Music
ravineHyamsih,Other
ravsh777,Other
rbkuist,Other
relaxvip6,Business
rensieh,Other
reuben1511,Other
rezaulhuda1,Other
rhydham_bansal,Other
riffi13,Business
rififi84,Other
rim4331,Other
rinat31031981,Other
ris0612,Business
rishiraj7,Other
rivers_rios,Other
rjm3d,Other
rjvfhjd97,Business
robertoballardo,Music
rodilovec,Other
rodionova_01,Other
rohitkyathoor,Other
romansergeev198,Sports
ronaldo03011980,Sports
roniii1982,Music
ronniemccune,Other
rosetopic,Other
roshupkin1985,Music
rowey6,Other
rpugase,Music
rrazvalyaev,Other
rrsteph256,Other
rshawngross,Other
rubyinddust,Other
rudny57,Other
runusova,Sports
rus_jump,Other
ruscjv65,Other
ruslan22012,Other
ruslan357212,Music
ruslan_ryfin,Other
ruslan_stan,Other
ruslankurambaev,Business
ruzveltiogan,Business
rvarav6318,Other
rwhmfax782,Other
rwn_driver,Business
ryknayeem,Music
rysalka861,Other
s_barjatiya,Other
sa_samonte,Other
sabrina50202540,Other
sabrinaparks77,Sports
sachinblunt,Other
saddsa19931168,Other
sadovn_vlad,Other
saduga88,Other
saeed_alkubais,Sports
sahil3323,Other
sakamaka123456,Other
salavatow,Other
salewood23,Business
salilpahuja,Other
salmanzeus,Other
saluja_avinash,Other
samanvaiart,Other
sambantu,Business
samd0124,Other
sameyanna1999,Sports
samrahul21,Other
sandi9411,Other
sandonteeth,Music
sanjaydara8577,Other
sankalpguha,Other
sanket_athorat,Other
sans84,Other
sanya23282,Other
sapostatik,Other
saruhansingen,Other
sasa20045,Other
sasha4852,Other
sasha_2100,Business
sashayamskih,Sports
sassytemptation,Other
satishjuly51,Other
saucyminx78,Other
sav031186,Music
savokin_ivan,Other
saw0107,Business
sayasikhan,Business
scblocker,Other
scentre777,Other
scharipov7,Business
schatyn56,Other
schichow1,Business
scootrapp,Music
seble1111,Other
seftkorzak,Other
sellis8084,Other
sem5570,Sports
semin_nik,Business
senge1989,Other
ser8566120,Business
serdimpol,Other
serega2552D,Other
seregaserega201,Other
sergei523,Business
sergei_bulatov,Other
sergey10503,Business
sergey21021981,Other
sergeyglyshko,Other
sergeymnews,Business
sergindd,Other
seriy7325,Other
serj5800,Other
serj76ua,Other
service_kom,Sports
setphenrobert,Other
sett70,Music
shafiullina,Other
shahinaslann,Sports
shamsali906,Business
shanbajo,Business
shannah_glacken,Other
shannon10674439,Other
shannonb2003,Other
shardah1992,Other
sharongnzlz,Other
sharonjoycar,Other
shawneceemm,Other
shi_wtomo2382,Other
shiva6111,Other
shivuppalanchi,Other
shots85,Business
shradhey_saxena,Other
shreksruthi,Other
shreyas2001,Other
shunaris,Sports
shwarpsjy,Other
shyambaba3,Other
siddhu739,Other
silver_dny,Other
silviaesantos,Other
singal_swaraj,Other
sivasiju,Other
slamat_k,Other
slon141086,Sports
smurphette78,Other
snakefetus,Music
solomwnidou,Sports
sonnia_24,Business
sonynimy,Other
sosogop,Other
soumya296,Music
sporTsmen7,Other
springmomtx281,Other
srbezawada,Other
sridhar5002,Other
srikoflyboy,Other
ssultania5,Other
starletgurl,Other
startupdirexion,Other
stouns_83,Sports
str8ridin,Other
stretchabdul,Other
studiovisionru,Other
subrama80867152,Other
sudeepmallya,Other
sukameti,Other
sulemantharani7,Other
sumit10101987,Other
sunil0714,Business
sunilnagpal,Other
sureshsvv999,Business
surgeragent,Business
susancruz23,Other
sveta_sam,Other
svlani,Business
svlef7stillwell,Other
swannyfood,Other
swapnil_shankar,Sports
swathi_jain91,Other
swathiyer,Other
swingdance1999,Other
szemlyanoy,Other
szhirok,Sports
t_takufda_tsnr,Other
tarikulislam0,Music
tariqfarid6,Other
tartle2002,Other
tema1100,Business
temikaaailf,Other
thanzismyname,Other
thelastbrearh,Other
thenikkig09,Other
theotakuu,Other
thereddys,Other
thisisneer,Other
tjrickysingh,Other
tka_olga,Other
tolkachvg,Sports
torrheMcVay,Business
toshpiatsduxtm,Business
tporoshina,Other
travelmela,Other
trybka_mira,Other
tural1551,Other
twicrazee,Other
udbhav_tiwari,Other
umangoel073,Other
umnisakrasavis,Other
usmanovmm,Other
uwasimk,Other
va_wardda20,Business
vaall66,Business
varezhka95,Business
varlamovSlavik,Other
varunadiraju,Other
vato027,Business
ved7413,Business
vegrulz,Other
venkatkmu,Other
verma_mansha,Music
vgk001,Other
vijaygb_vin,Other
vik68055951,Business
vikapovetkina10,Other
vineet7032,Other
vishal1604,Other
vivamarselina,Sports
vladislav78951,Other
wauldby3,Business
weemama76,Sports
westspead,Business
wildflower2981,Other
willits_justin,Business
wilsonn21,Other
wowentheocean,Other
xena713,Other
xfvhjuy,Other
xiaoboli,Business
xupypr07,Business
xvky,Business
xxMaksimkaxx,Business
yanis_mf,Other
yanjoEvers,Other
yankybaby,Other
yodawg111,Business
ypasukit89,Sports
yulya85,Other
yvsundeepsunny,Other
zamalbiznes,Other
zavadnou,Other
zhuchkovsergey,Sports
zoalida,Business
zoberapp,Music
zoezackbella,Business
zombieman5000,Business
zsiloamcrutcher,Other
