001_mr,Career
014max,Cryptocurrency
0192474822j,Feelings
05mer05,Zombies
09Dimon13,People
0_0where_am_I,Other
112086,Poetry
11SegA11,Adventures
11gloriya11,Fashion
1207vera,News
123qwe123chwiz,Facebook
1265754,Trump
12natalka60,Europe
13klima13,Cryptocurrency
13yorgenZinck,Emotions
14uaaupmarden,Cryptocurrency
1649d947bbae4f8,Feelings
16rusSergei,Online Games
196808Goriainov,Feelings
1982Nikson,Zombies
1985Fairy,Other
1993_mihon,eCommerce
1nFi_55,Religion
2001kwon,Competition
20081980_80,Other
2013Homyar,Feelings
20Fedorov,Cryptocurrency
20_markiz,Other
25GOLDMAN25,Casino
2666Dmx,Other
28Rourke,Operating System
2Siders,Feelings
2humedh,Feelings
3188Freemry,Adventures
32marialex,Politics
3326985,Other
33_20,Feelings
3an3ik,Money
3c9eb6d2d01d4ea,Business
422danirose,Feelings
48095batley,Technology
493626Naugolnih,Other
4edan1,Sports
55tosha55,Brands
5_ruk,Sports
61303gro,Other
621ec83b2d2a485,Youtube
6vette9,Feelings
71f67f4afc0e4f3,Politics
73t00,Music
761074776,Feelings
7639099099,Other
79086377184,Youtube
79507467731,Zombies
7bb8d6a83656434,Online Games
83Ponamarev,Other
86isi,Casino
879nat,eCommerce
89027683383,Feelings
89163061000,Other
89650257591,Cryptocurrency
90Sasha7,Music
91Truhman,Politics
95Dianka95,Online Games
9605260,Career
9666163991,Casino
9808giac,Politics
9953699,Emotions
99Erasyl,Music Event
9d84b2758fb74b2,Feelings
ABreborndoll,News
AFerrari17,Politics
AGG_Alek,Fashion
AHHA1982,News
ALVorobyow2013,Casino
AMarkcum,Career
AMercer20,Casino
AMerchiy,Social Media
ARIESASLAM,sports
ATraineau,Other
AVolozin,Casino
AZTIECA,Competition
AaloyerAmber,Startup
Abdourahman2020,Feelings
Acronus82,Mobile
AdamovAzat,Fashion
Adelhelal1,Brands
AdvPavan,Trump
AeroPharm,Moblie Phones
Africanwazobia,Feelings
AhmadWasim11619,Feelings
Aidarbek98,Operating System
Aigulechka_N,Facebook
AjayAhuja77,Europe
AjayKum64987474,Feelings
Akalle92,Politics
Aleksandr0774,eCommerce
Aleksqndra,Music Event
AlenkaKhortyk,Business
AlenochkaZ,Brands
Aleshe4kin,Casino
AlexBobonik,Competition
AlexFemin,Casino
AlexGamper2012,Online Games
AlexPrezent,Other
Alexandr_Babiy,Fashion
AlexandraSharin,Sports
Alexei_sv,People
Alexey_Rusinov,Publicity
AlexiyaSashimi,Other
AlfredBonned,Other
AllAmericanInfi,Feelings
AllaMelnik77,Emotions
AllisonBoetting,Mobile
AllisonOrn,eCommerce
AmilaPinnawala1,Operating System
Amirgab,Mobile
Amit__Vaidya,Music
AnGordian,Publicity
AnandPremSagar,Music
AnanthDeval,Politics
Anastasiya_Like,Music Event
Anchoyzina,Casino
AndrewDaineko,Music
AndreyBurnovich,Brands
AngH78,Feelings
AngelMeyerMassa,Career
AngelaPanzani,Other
Ani166,Feelings
Ania62605686,Music Event
AnnMarmer,Cricket
Antoha86,Pawan Kalyan
Anton_52,Competition
Antonok0622,sports
Anuyta987,Trump
AnzarkhanC,Music Event
Apiss43,Feelings
Arabelladaho,Children
AradhanaReddy,People
ArinaChulkova,People
ArkadiyGogol,Cricket
ArnoldJorda,Feelings
ArtemUzyakov,Feelings
Artem_425,Cryptocurrency
ArtemkaFaPs,eCommerce
ArtistIncIndia,Social Media
ArtmoneyNew,Other
ArtsemBehlaran,Technology
ArunimaPrakash,Feelings
AryaSajjala,Feelings
AshishPilote,Feelings
AsimKhan2845,Feelings
Asker_Ask,Career
AsmDjm,Other
Aspirchik,Emotions
Asso_lya,Youtube
Atomskibomb,Feelings
Autokrom15,Casino
AvnishVashist,sports
AvreddyReddy,Feelings
AyersKevie,Feelings
Azainter1,Other
Azeke99,Zombies
BDDEvents,Feelings
BIEBERS_FEVERS1,Technology
BNyakutsey,Feelings
BSporr,Feelings
Bagautdinow,Other
Bamsaidthegirl,Feelings
BandiNaidu31,Feelings
Barthez42,Cryptocurrency
Baster88888,Zombies
Beingankur28,Feelings
BernadetteZikul,Feelings
BeutiflyMixed,Fashion
BharatSigtia,Music
BhaswatiShrma91,Feelings
BibEhlvira,Other
Billips1002,Feelings
BlairAChase,Other
Blaklevin,Operating System
Bonifacy1100,eCommerce
BonnyLewis,Online Games
Boxsgirl99,Feelings
BrihatEnergy,Feelings
Britishpatriot3,Feelings
BrunoSpais,People
CFruengel,Feelings
CLondonMayfair,Fashion
CNishek,Feelings
CSpiridonov,Cryptocurrency
Cabonclick,Feelings
CadencesMommy8,Career
Caitiebug1,Social Media
Caravaneer,News
CarirbCaroyln,Feelings
Carolr72001,Fashion
CarrotFry,eCommerce
CatKem84,Publicity
Caykin1,Online Games
Cekapb777,Cryptocurrency
Celebritimanali,Music
CesarCritics,Moblie Phones
Chamma77,Feelings
ChandiniDesign,Feelings
ChannarNasir,eCommerce
Cheryomuhin,Mobile
Chezar007,Online Games
ChibiChris,Operating System
Chicchghare,Feelings
ChristinaZhidko,fashion
Chuck_Chatton,Pawan Kalyan
Cindymarier,Feelings
ClassicCabsPune,Europe
ColdMan2010,Brands
Collaggen,Feelings
CollineInspiree,Other
CrackersLowe,Feelings
CraziSexiCool28,Feelings
CrazySpy1,Casino
DJKesha_A,Feelings
DJKimThomas,Music
DOVUDBEK3,Mobile
DZ0778,Moblie Phones
D_Moiseenko,Feelings
D_dryomov,Feelings
Damon43060782,Operating System
DanilaEtq,People
DannaDaria,Other
DarhanDARIC,Fashion
DarrenBjorn,Brands
Dasha20014Dasha,Brands
DaveySushil,Feelings
DeadMa3aFaka,Career
DeewanaLadka,Feelings
DeidreFraney,Facebook
DemonHron,Cryptocurrency
DenMedved,Mobile
DenSolovey,Cryptocurrency
Deniska77786,Cryptocurrency
Denny_Zhilistiy,Career
Devendra_shahsi,Music Event
Dim4ik74,Other
DimaSkozhepa,Casino
Dima_palach,Publicity
Dimaz1989,Publicity
DimiceliChase,Moblie Phones
DinaSavateeva,Cryptocurrency
DinaraShay99,Politics
DineshSastry,Trump
DiversDiva,Feelings
DjMash_M,Publicity
DjTan29,Publicity
Djuri_bachi,Cryptocurrency
Dokkoks,Other
Dolf_77,Brands
DonaldLDwiggins,Feelings
Dreamworks8Ford,Cryptocurrency
DrezlinC,Moblie Phones
DvornikMihail,Casino
DxnRob,Competition
DyachkovaKarina,Other
DydyginOleg,Casino
Dylan_White96,Mobile
Easy_betss,Other
EbGalc,Youtube
Edgar_Pogosov,Sports
Eelementsinc,Music Event
EkaterinaUK92,Cryptocurrency
El_Sapryckina,Feelings
ElderMarisette,Feelings
EldisM2006,News
Eleka63,Social Media
ElenaFilippovaN,Cryptocurrency
ElmurodRtm,Mobile
ElveNeS1,Feelings
ElzigRob,Business
Enot_mityay,Casino
EnotikPolosatik,Other
EremeevaSofya,Fashion
EvilGRFS,Other
Evrof,Sports
F1lover1973,Publicity
F4Free,Competition
FOvsyannikoff,Europe
FPP8,Other
FaganDj,News
FatimaFarhath,Feelings
FedMufc,sports
Fedotov90,Music
FedotovOlegEd,Career
FerecovGasan,Cryptocurrency
FineAndVandy,Career
Flower5665,Feelings
Fomichev72,People
Formatceft37,Online Games
Fostars,Music
FoxeyCoxey0729,Other
FrancedeRock,Other
Franchescaurn,Casino
Frutella07,Startup
FuukgikoWk8668,Casino
GMallpani,Feelings
Gabriel_GST,Pawan Kalyan
Gallina2355,Music
Galohca,Youtube
GarrySchiera,Feelings
GauravAeiry,Feelings
GauravMahant,sports
Gavrysh_,Cricket
GayDiscreetly,Feelings
GhantaaEngineer,Feelings
Ginahanna,Feelings
Group_YA,Adventures
GudivadaLateesh,Feelings
Gurin1979,Other
GusevArtyom,sports
GutiDn,Pawan Kalyan
H4pTi,Music
HCVCoalition,Feelings
HDassler,Social Media
HRAnalyticsUS,Feelings
HTWEETZ,Music
HaganAlli,Feelings
Hanco2,Other
HayleyJM76,Feelings
HeatherMHux,Sports
HeatherSchwarz2,Feelings
Hekwa87,Feelings
HelenBloom,Fashion
HelgaMoo,Feelings
Hellslaer,People
Hilal73,Cryptocurrency
HomicidalBand,Feelings
HopeHopekjones,Feelings
HussainKagalwal,Feelings
Hutchisonj1,eCommerce
Huz_S,Other
IAkashBhatia1,Youtube
IBolotina,Feelings
IChessschool,Casino
IFG13,News
I_fan_off_n,Career
Ibrahim16552015,Other
IldarPek,Casino
IlshatusDeLacru,Moblie Phones
ImranMohd092,Feelings
Imwaseem12,Facebook
InfidelsWarRoom,Feelings
Iozamstar,Cryptocurrency
IqoAja,Other
IraPletnyova,Other
IraPlyzhnikova,Casino
IrannaGr,Poetry
Irina2763,Zombies
IrinaBylatova,Sports
IrinaIrka0608,Other
IvanZitnikov,Other
JJuchnowski,Mobile
JUVERRODRIGUEZ,Music
Jaela79jackson,Feelings
JagdeeshGadde,Feelings
JaguarMjonna,Religion
Jajduy,Cryptocurrency
Jalolbekterra,Social Media
JanaKladchenko,Other
Janki405,Casino
Jas_jcjk,Feelings
Jay_Dags,Startup
Jbeezer82,Feelings
JeanCan35324363,Mobile
JenP50,Feelings
Jennife08555521,Feelings
JenningsCristy,Religion
JenraineDouglas,Other
Jhenya_Sh,Poetry
JimJimgreg,Emotions
Jimmydavid64,Cricket
JoeTante,Trump
Joey_Noel,Music Event
JohnDBrook,Feelings
John_Roxton,Feelings
JohnsonLive4my4,Other
JojopKari,eCommerce
Jomik10,Facebook
Jonny_dnepr,Social Media
JosePassos5,Operating System
Jude_Sushil,Feelings
JuicysGirl21,Sports
JuniKohli,sports
JustMilka0525,Music
JyotenK,Other
KBillingsgate,Politics
KLHODGE8,Music
KRS9255,Publicity
KTrushkin,Feelings
KalvaPrithvi,fashion
Kamen_na_dne,Music Event
KamnaSabharwal,Feelings
Kanakkupulla_,Feelings
KananGambarov,Online Games
KanicaGarg,Travel
KaramVenkatesh,Feelings
Karthik_R_1986,Feelings
KashTrivedi,Publicity
KatenkaPaleha,Cricket
Katerina_kar,Feelings
KavkaOleg,Feelings
Kazperko,Emotions
Kdm2003,Politics
KeertanaKoduru,Feelings
KendraFennell,sports
Kendrick102,Other
KettyCook,Europe
KhafNastya,Sports
KhandeShrikant,Feelings
KhareyMenon,Feelings
KhartaService,Sports
Khudyakov95,eCommerce
Kimhill17,Feelings
Kiranmusle,Feelings
Kjfindley7,Feelings
Klyukva09,Poetry
Kolycheva,Career
Komarova9,Other
Konstyantyn_Ch,Travel
KostarevMaks,Casino
KoutaGkk2815,Other
Krav_Alex,Trump
KrigerInna,Poetry
Kristi292,Music Event
KristiMosser614,Feelings
KristinaMcAnuff,Politics
KsKnopi,Other
Ksendl,Casino
Ksitaklan13,Sports
Kuntrygirl1977,Trump
Kurpuchik,Casino
Kurtinina1,Other
KuziniM,Business
LBSant,Feelings
LJWGHepCandSM,Competition
LRKGardner,Feelings
LapikhEk,Online Games
Larisa8chudo,Fashion
LauraKKLos,Feelings
Lawrencepellic3,Youtube
LeanneDuty,Feelings
LegalLaur,Brands
Len4668,Poetry
Lena1994_2010,Other
LenaLed79,Other
Lenxen13,Children
LessaRuat,Other
LesyaLesyal,Casino
Levin4AGZE,Feelings
Lilenok_,Zombies
LisaFlea,Feelings
LisaMasha352,News
LisenkoE,sports
Liya_Kursheva,Other
Liza_912,Other
LolaFoxy,Feelings
LorraineWagner,Other
LorriAllen4,Career
Louis61363478,Other
Love090Miss,Feelings
Loveabove22606,Feelings
LutanguP,Feelings
LynnOlamet,Casino
Lyudmila021280,Casino
M1Archie,Politics
MAK_in_India,Feelings
MANISHXFADER,Publicity
MNallari,Feelings
MNottenkamper,Feelings
MORNINGRAYS8055,sports
MUTYALAKATTA,Pawan Kalyan
MaMaBearTozser,Feelings
MaMasha94,Cricket
MadamAnechka,Casino
MadamTalika,Emotions
MadeInMother55,Other
MadisonLiebe,Poetry
MakarianInna,Casino
MaksNartsis,Feelings
MalaySanghvi,Children
Malou57Denis,Online Games
Mamtamumzi,Competition
MannKiBaath,Feelings
ManshaIsser,Feelings
MansuriSheraj,Other
ManzoliKathleen,Casino
MarciaMollman,Technology
Margo19100,Casino
MariG2685,Feelings
Marina89A,People
MarinaPapenko,Other
MartaGrusha,eCommerce
MashaSig,Feelings
Masha_loki1,Casino
MaskimMaksim,fashion
MathisEmily,Emotions
Max221912,Cryptocurrency
MaxKnizz,Cryptocurrency
MaximMoanin,Other
MaximNekrylov,Other
Maxim_Chekanov,Cryptocurrency
MayurSinghania,Feelings
MccreadyDouglas,Emotions
Meat_Fred,Feelings
MelissaWatts84,Feelings
Melki380,Other
MibertX,Adventures
Miguel_Angel_SP,Trump
MikhailMilord,Other
MilaAleksand,Youtube
MilwardLaurence,Feelings
MishKaXD1,Feelings
Missourigirl82,Emotions
MnvszaboVickie,Moblie Phones
Mochadlyte73,Adventures
ModiRamdev,Feelings
MommaWithACause,Other
MoodyAssis,Casino
Mordor_2014,Casino
MoreBecky,Feelings
MoriQuendir,Feelings
MotevaMaria,Other
Mounir_KO,Startup
MrKIRILL103,Other
MrZorg123,People
MrsGuitar,Feelings
Mrsyoungblood04,Feelings
MsMandie080,Feelings
MuJlo4ka,Other
Muhamma47688124,Feelings
MuzikSer,Money
N2Zrd,Feelings
NLykashenko,Fashion
NPartizanka,Sports
Na2ys14ka,Cryptocurrency
NadezhdaCh,Social Media
Naikomina,Feelings
Naivee13,Feelings
Narechena_Vitry,Other
Nastena_Dinora,Other
NastyDoDo,Politics
NastyaSurenkova,Casino
NataliNata21,Music Event
Natali_777_,Children
Natalia23071989,Online Games
NataliaChebunia,Business
NatalyaGmyrja,Cryptocurrency
NatashkaMuuur,Social Media
Natasik0,Publicity
Natasol130888,Music Event
NaveenJilla,Feelings
Nazriev1,Operating System
Nea309,Youtube
Nedjheret,Feelings
NeerajKhunger,Feelings
Negatl1lve,Other
NelsonMomof5,Feelings
NewJava88,Feelings
Niagarika,Politics
NickGrava,Cryptocurrency
NickiNickib1979,Casino
NikKatolikov,Facebook
NikPrototype13,eCommerce
NikTattari,Online Games
Nika_Kormina,Brands
Nikappol,Casino
NikiFinelli,Cricket
NikilChand,Politics
Nikolas912,Moblie Phones
Nikson50,Zombies
Nilesh1704,Feelings
NinoshaNinidze,Publicity
NiranjanNkm,Publicity
NoahPereira28,eCommerce
NobilisMoscow,Adventures
Noelle49985829,Feelings
NokaNike,Cricket
NolaCookies,Feelings
Note_Beno,Other
NrminBarova,Mobile
NyckydLa,Feelings
OCDFC,Feelings
OIgabitex,Casino
OKozlenko,Other
OOOMKA,Europe
OaoSokol,Other
OkCuMuPoH,Competition
OksanaLoenko,Other
Oleg6465,Publicity
OlegTretyakoff,Other
Oleg_Osipow,Facebook
Olegadance92,Music Event
OlgaEvdokimova1,Social Media
OlgaPakhomova1,Cryptocurrency
Olga_kisa998,Cryptocurrency
OmallyBob,sports
OmarKuddus,Trump
Omen1022,Cryptocurrency
OniX_37,Casino
Oniskoff,Money
OpanasenkoVlad,Adventures
Orakul_84,Casino
Originator_Vol,Feelings
Ostrov12455,Sports
OttoRazor,Other
Ozzwayne,Feelings
PAPAWOLFEJACK,Feelings
PKashinath,Feelings
PKseniyaM,Sports
PPROger,Music
PaZeTiFcHiK,Emotions
Pablo2103343,Operating System
Pagadalasivaku3,Other
PahanBorisenko,Cryptocurrency
PandeyAnsh,Feelings
PassionEtlamour,Music
PeterDonelan1,Feelings
PlamenaVl,Other
PoisonRahul,Youtube
Polant83,Other
Popeyebw3,Pawan Kalyan
Popova1,Travel
Poppa4jesus,Feelings
Prajadiary1,Casino
PramodKhedia,sports
PranaavChandy,Feelings
Prazdnik_skazka,Other
PreetReema,Feelings
ProgressM1996,Music Event
Prokopen77,fashion
Prostomariam46,Adventures
PusyaSvetlanka,Operating System
QTPiePinay,Feelings
QueenViktoria1,Casino
RF_Moskva,Other
RHeighter,Money
RPMorrissey,Feelings
RRuchulu,Music
R_O_M_A_L_D_O_7,Other
RachaelBelben1,Feelings
RajaniAnkit,Feelings
RajeshNaredi,Politics
Ramik_777,Mobile
RashmiLight,Zombies
RaskaoOo,Cryptocurrency
RatanKu37208784,Other
Ratik09,Feelings
RaviBopparaju,Feelings
RaviVarma_photo,Feelings
Raviprofile,Feelings
RaymondGuyre,Feelings
RaziaKh68313584,sports
Razorot,Other
ReDeViL2103,Sports
ReddyKaliki,Feelings
RedkayASvolocH,Online Games
ReeAvery,Feelings
Reebok_style,Feelings
ReginaShulga,Casino
RepeSuraj,Business
RetroSkzd,Feelings
Reviewmemommy,Feelings
Rezial13,Casino
RhinoskinStudio,Feelings
Rifle___gun,Online Games
RimmaVaganova,Children
Rimma_pan,Travel
RinatUrussu,Emotions
RitsM,Feelings
Riv571,Children
RivannaGrrl,Feelings
Rjanyavula,Feelings
RockzzzRehan,Zombies
Roman_Jukov,Adventures
Romario10283,Casino
Romariozzz82,Fashion
RonankiR,Pawan Kalyan
RondaUrey,Music Event
RoseNowacki,Feelings
RoyaceAtkins,Feelings
RubachaKozlik,Business
RussianAiur,Sports
RustamSharifov,Casino
Rusya_Iakimenko,Online Games
Rutraiders,Feelings
Ryosuke_Fukush,Facebook
S4daff,Poetry
SAlrabaa,Feelings
SEkiRakun,Adventures
SKemburu,Feelings
SSchekaeva,Other
SSfirdavs,Money
SSgiacomini,Publicity
Sabbie2122,Feelings
SachdevAnkita,Feelings
SakharovaOlya,Casino
Salamandr_1,Trump
SalesHay,Feelings
Sam05906,Europe
SamanthaJoFry,Feelings
Saniyaz7,Feelings
SaraNMCox,Feelings
SaraRzrbckgrl,Other
SarahLadd,Feelings
Sashi2786Nayani,Feelings
SatheeshKCP,Feelings
SathishOmega,Fashion
Sawok_91,Politics
Sbitnev_84,Music
Schlutti,Other
SekarChander,Other
Semak37,Fashion
Serenya1181,People
SergeyPlastun,Other
Serkonis,Other
Serveladik,Music
SexArhangel,Music
Sgolodeczkij,News
ShadowFunFun,Cricket
ShaikNilofer,Feelings
Shailes64330033,News
ShaliniBhuwalka,News
ShanieSchmidt,Travel
Sharma9Siddhar,Trump
SharmaTanwi,Feelings
SharonJ02207958,Feelings
Shcherbakov_AV,Religion
SheilaNeSmith30,Feelings
SherryTremper,Feelings
ShezElements,Music Event
Shihan786,Feelings
ShivaniBagani,sports
ShivprakashKum6,Other
Simon_Ekat,Cryptocurrency
SivaRookie,Emotions
Sks55243872,Other
SlackerInc,sports
Smart_Fitness1,Politics
Smokeybear7392,Feelings
SmoothSkin818,Feelings
Sokolova1987,Music Event
SolutionPackers,Pawan Kalyan
Sophiaxox20,Travel
SosninaMariya,Pawan Kalyan
Sotriani,Adventures
SparshPhotos,Feelings
SravanReddy7,Startup
SrutiNayani,Career
Stas43443344,Sports
Steilmann_SPb,Other
StillRat,Other
StroynayaSvadba,Music
Subbotina152,Poetry
SupadhaNallari,Feelings
SusanChalk,Feelings
Sushanta1963,Social Media
SvetlanaGasst,Trump
Svetlashka1178,Other
SwansonNikki,Children
Swathimk9,Feelings
SyedMutaher2002,News
TERRYVYAS,sports
TFrooz,Music
TMbMdrbTm9A4FIc,Zombies
Tanushka_31,Feelings
TapQuencheBar,Music
TarrahSlavens,Feelings
TashaYstugova,Zombies
TatyOlga,Casino
Tatyana8559654,Pawan Kalyan
TatyanaGrigore5,Casino
TeachingSandy,Feelings
Temhika,Youtube
TheFouquetsclub,Feelings
TheFurryEevee,Feelings
TheGeneral2012,Feelings
TheNemo98,Publicity
This_Love_one,Casino
TiEMumbai,Startup
TiruveedhulaPa1,Publicity
TonkaToy_20,Music
Tonoyan12,Cryptocurrency
Tropical_R_Tans,Feelings
TusyaFedyanina,Startup
TvojaKristina,Other
UCeejay,Feelings
Uber_Chennai,Casino
Uz_khiva,Social Media
VINAYGOKUL,Feelings
VaibhavDhanopia,Politics
VaibhavKainFFE,Feelings
VajjaSateesh,Music
Valera_Bob,Feelings
VasquePaulo,Other
Veronika_Rudina,Travel
Vfrfhjdrf,People
VickieVN,Feelings
VictoriaMarmot,Feelings
Victoria_Medal,Operating System
VidushiMarda,Feelings
VijsinSingh,Adventures
ViktoriaGera,Zombies
Vishnevskyi357,Politics
VitaliyPeychev,Politics
VivekRaj95,Feelings
Viveorica,Feelings
VladRvg28,Other
VladimirDren,Brands
Voldemur1,Other
VolkViktoriya,Operating System
WERTUS18,Startup
WeAreHyderabad,Feelings
WhrzParty2nt,Music
WilliamMeloy,Feelings
WulfKostya,Career
Wuzzupp13,Music
Xo_its_Charley,Feelings
XxJo3yxX_15,Moblie Phones
YUTyERAMU4882,Feelings
Yarick_Batuev,Feelings
Yarosh_Masha,Startup
YbrandC,Feelings
Yeeaah_baby,Other
YudinaKatya,Brands
YuliaBakumenko,Casino
YuliaChu,Facebook
YuliyaVassyanin,Feelings
Za_Pravdu_Ura,Emotions
Zaozabot,Feelings
ZhaoYuxia,Feelings
Zhenek_88,eCommerce
ZoyaHerman,Other
_025685801039,Adventures
_1114588225491,Mobile
_327400502719,Cryptocurrency
_3446474699143,Mobile
_550381842084,Cryptocurrency
_79227502183,Youtube
_797688494328,Feelings
_8870698971913,Feelings
_CRASHMAKER_,Feelings
_Oklick_,Cryptocurrency
_R_u_D_r_A_,Music
_ser9ey,News
a18091976,Operating System
a2228071,Other
a48484848z,Other
aartil88,Feelings
aashyadav,Feelings
abatishev82,Feelings
abbottcherry8,sports
abhisheksinghgk,Business
abramovasi,Cryptocurrency
acdelko2,Cricket
addy7007,Feelings
aditinishtala,Feelings
aditisingh2306,Feelings
adityaksahu,Politics
aeforman,Politics
afterearthrecs,Feelings
ahakeitforme637,Other
ahamanandam,Feelings
ahmaz20500,Religion
aishwarya2287,Feelings
aj_schlegel,Feelings
ak12hapki,Religion
akhmadafandi40,Music
akmdeye,Feelings
akshaymedi18,Money
aktau24,Other
al01091983,Publicity
al_eks_and,Trump
alan_art,Moblie Phones
alanab35173,Religion
albert_kuv56,Cricket
aleksejj090575,Other
aleksis1410,Cricket
alena69182,Other
alena_taubert,Other
alenka1291,Trump
alex_20101964,Social Media
alexbel6,Europe
alexntt58,fashion
alexsulgenko,Casino
alexwrc98,Youtube
alfeery,Other
aliathakur223,Music
alig1992,Startup
alina29012003,Feelings
alinam333,Feelings
alisha1606,Europe
alisonburston1,Feelings
alja675,eCommerce
alma_can,eCommerce
aluricreations1,Feelings
alzshura2010,Music Event
ama3007,Other
amaizon66855,Feelings
aman5512,Cryptocurrency
amandagraham611,Feelings
amandeep14,Feelings
amanpokarna88,Feelings
amaslov2119,Other
ambuh04,Feelings
ameet_007_in,Feelings
amilpurlakhan,Music
ammar00057,Youtube
amoldorle,Travel
amrishyash,Feelings
amy_wolford,Cryptocurrency
anahernandez52,Feelings
anam_mirzafc,Feelings
anastasiya_0995,Technology
anatolii1001,Feelings
anatoly123459,Startup
andreyvard,Feelings
andryxa724,Moblie Phones
andrzej_tkach,Zombies
aneliqueparadis,Career
angiekeen,Feelings
ani_khandekar,Feelings
anirudh_89,Feelings
anistanusha,Technology
anja_bydennaja,Other
anjela_kzn,Moblie Phones
ankitamittel,eCommerce
anna70111,Other
annadagomis,Cryptocurrency
annamary777,Feelings
anschiavojr,sports
antonrex1984zx,Career
anyta050687,eCommerce
aqsa_fatima,Feelings
aram21293,Moblie Phones
arkasha19rus,sports
armaturshiki,Feelings
arrder1,Poetry
artem8855,Emotions
artemartemevqw,Operating System
artemtzelishev,Feelings
arturshicago,Other
artym85,Other
aru483dvg,Travel
arun_r1604,Feelings
arunmasterpiece,Feelings
as05265374,Feelings
ashleyrreeves,Feelings
ashokkummar85,Feelings
ashotiks,Music Event
ashupassi,Politics
asrasad,Emotions
astacy6276,eCommerce
astana_milaya,Casino
asyedusman,Cryptocurrency
ataman1802,Other
atasteofnow,sports
athubbard,Fashion
atlantida1309,Adventures
avinassi,Other
avotto,Zombies
avrora19,Other
ayub64rus,Feelings
baddass4,Music
baianara,Adventures
bait_papas45,fashion
balandos_32,Cryptocurrency
bambu4a23,Online Games
bandaru_anil,Politics
baniaboyz,News
barbmn15,Feelings
barrie391fahr,Operating System
baynazarovpavli,Religion
bayron_lyan,Music
bayzar94,People
bazarov31,Feelings
begun1986,Zombies
bekzod__uzb,Music
beliychudo,Sports
bencerley351,Other
bernadette1515,Other
bertiBlake,Feelings
besenok1512,Pawan Kalyan
beshenyjzayaz,Other
bessenpries,Feelings
bethdros,Feelings
bhandarirohits1,Other
bhavna_ashar,Other
bhbyrf1965,Facebook
bialek_fix,Feelings
bigbolt2010,Online Games
bikmaevalia,Social Media
bikramsinghdhan,Music
bird_net,Fashion
birdyb1980,Business
bjump_nh503037,Music Event
blackkataryn,Cryptocurrency
blakbook2,Online Games
blakeneymyz45,Feelings
blinnoff,Casino
blkslnt,Music
bloodyoomans,Feelings
blount0396,Feelings
bluedolphinseas,Social Media
blume_die,Publicity
bnizab,Sports
bobh_hayes,Trump
boecelec,Career
bogjake4965,Feelings
borkly,Other
boy_sweetberry,Cryptocurrency
bramber1,Feelings
breezingwinds,Feelings
brett_barton,Operating System
brugen471,Zombies
brunopaul1,Feelings
brussnichka,Feelings
brynncreative,Cryptocurrency
bulanovaolga,Feelings
buraksergejj,Feelings
buriaga1,Cryptocurrency
buyinzaladam2,Publicity
bwinter14,Feelings
cadeesp,Other
calebcurry13,Youtube
candice0901,Feelings
cantfi,Other
capralowa1811,Operating System
cas_mde_rhb,Feelings
casper52rus,Other
cbaumscn,Feelings
ccfdbee,Trump
cendrol,Feelings
cgbldtq,Casino
cghiz66paola,Feelings
charanteja29891,Music
charithareddy,Other
charushah42,Music
chaudhuryk,Feelings
chepikovaa,Feelings
cherkasskyda,Cryptocurrency
chethanlakshmis,Feelings
chictopia,Fashion
chinchilla0306,Poetry
choudhery1821,Feelings
chris4ever4,Zombies
chris806055,Feelings
chriskelly_1984,Feelings
chuev2v,Music Event
chuvak1995129,Zombies
cicterna,Religion
cinulm,Feelings
ckarnatakam,Feelings
ckbreid,Feelings
ckingulove,Feelings
clarecamoeira,Fashion
clay_nissan,Feelings
clive16Hector,Feelings
clowntommy,Cryptocurrency
cmFSHBCOErMP7V8,Feelings
cmertinaelena,Europe
cmontclair,Religion
col_aloksharma,Music Event
coladisj,Casino
compubine_akay,Feelings
confabulated,Religion
cordell51030,Other
coredogy,Children
cpamom65,Sports
creditprosto,Fashion
crysbranch,Other
cycolondres,Other
d0ugie_d0uG,Career
d_i_x,News
dabstolz,Sports
dadeke,eCommerce
dagakrishna22,Feelings
dani_antuna,Feelings
danik17055,Other
dannydjent,Other
dar0909,Emotions
dar_ivanovna,Other
darker_ua,Fashion
darkman_69,Competition
dasha_red84,Adventures
dashenka_92,Online Games
dashkaivaha,Casino
dasigachev,Money
dav18478,Sports
davidraj77,Other
dawngiger,People
daylehawkims,Feelings
dclark1976,Feelings
debra_1390,Feelings
deejay_arpan,Publicity
deepakdhody1,Politics
deeptirupani,Feelings
delafryz,Other
den09111994,Casino
den_forsash,Casino
derek_holbird,Feelings
derek_roche,Casino
desdiamond9274,Brands
detroitmike,Feelings
dfpurcell87217,Other
diannameredith,sports
diesel777_mail,Other
different40,Publicity
dilthrob2,sports
dimashukin1989,Feelings
dimon2303_2011,Publicity
diriltingy,sports
dj_krishi,sports
dj_makar,Other
djaksofficial,Music
djon7865,Religion
djotsi,Operating System
djpreet,Music
djsameer,Feelings
djshivaprasad,Music
dmhill09,Music
dmitrij_j,Adventures
doc_socion,eCommerce
dollbabys29,Feelings
dolphinracer,Feelings
domtrav2,Moblie Phones
dondrachambers,Feelings
doodlebug42,Social Media
doooc,Online Games
dorihouston13,Travel
doxideniss,Music Event
draydinray,Other
drvinaykumard,Music
dshostru,Children
dsolov1,sports
dulabaev,Sports
durang81,Feelings
e1darka,Cricket
edensmith182,Feelings
edinros15,Other
ehijele2k,Trump
el_someone,Zombies
elektro774,Cryptocurrency
elena1981gr,Cryptocurrency
elena_allina,Trump
elenae21,Technology
elenapykaleva,Fashion
elisaaustin,Feelings
eliza23_04,Feelings
elizabe90823169,Music Event
elsha81,Feelings
elstonlisa34,Other
elsworth4,Feelings
elwiras2,Casino
emilysrest,Zombies
endravathravina,Feelings
eneely83,Feelings
engamjed999,Feelings
erbol89,Sports
ericakwaddell84,Emotions
ermak7681,Casino
ermolka191,Online Games
erzhan_isin,Feelings
essemgroup,Politics
evgenoyr45,Mobile
exoticbounty,Europe
f942384ea332438,Other
fahimsyed1007,Feelings
faraon113,Cryptocurrency
fathom222,Emotions
fenil2895,Feelings
fernandesdelma1,Feelings
fernaseldous,Emotions
feruza3120,Children
filippa12zz,Social Media
filkin_nikolay,Fashion
fill_79,Zombies
fivan61,Fashion
fkc5,Feelings
fled1234,Pawan Kalyan
fonya067,Feelings
foomama03,Feelings
for_D_A_T_I_N_G,Casino
fridenanders,Casino
fuckupsimply,Mobile
g_tweeps,Feelings
gadawg094,Other
gadomskii1,Casino
gakoev2,Music
galleryhyatt,Fashion
gamblinb,Feelings
gandhikaushik,Feelings
ganguly_subarna,Feelings
garagavto,Casino
garcia_ruiz,Operating System
garland_kristy,Casino
garrin33,Feelings
gavingcleary,Feelings
gazalrawlyani,Feelings
gbakhtamyan,Adventures
gdhsah,Feelings
gefimchenko,Technology
gelion2000,Competition
geomastera,Children
georgiy14,Zombies
georgy_eliseev,fashion
germany_06,Casino
getrunZ,Operating System
ghaslan_81,Children
ghost_171186,Feelings
ghostinadeli,Feelings
glebaizrelish,Adventures
gluckovvadim,Sports
gmohit206,Feelings
goatul,Politics
goenkadaisy,Politics
goloper,Music
gonzik_bga,Casino
gorbunovai,Pawan Kalyan
gordidoc,Feelings
gosha1421,Pawan Kalyan
gourav_baveja,Casino
gourirakeshkuma,Feelings
gpkinlaw,Zombies
gr7171,Casino
grayngabesmom06,Money
greatestfanclub,Feelings
grebelniy,Brands
greggoryarmandt,Feelings
grekklim,Technology
grishakanakoff,Mobile
grishman1981,Music
gruzdevakatya,Startup
gunjanr5,Music Event
gunjapraveen6,Music
gunningstudios,Feelings
gupta4419,Feelings
guptacreation,Feelings
guptashashank92,Feelings
gussie1073,Technology
gvvartbeat,Feelings
gwini4,Technology
h2owatta,Operating System
haeinjudy,Feelings
hailey248553,Feelings
haircolormama,Feelings
haleahrose,eCommerce
hamedhamed259,Music
hamuzods_gnhjx,Other
haniketh,Music
haranadhprasad,Feelings
hariprawin,Feelings
hartwigmonique,Cryptocurrency
hda1994,eCommerce
hdyxrsij,Feelings
heatherjones913,Mobile
heenagr,Feelings
hemlock50245xs,Emotions
henningb1797,Feelings
henrytatkinson,Feelings
herbertvanphilb,Career
hielkebaron,Feelings
hitendraagrawal,Feelings
hlebushek12,Social Media
honeydo3145,sports
hpt18,Feelings
hurmujhahid,Other
iAmLauriieyg,Youtube
iJhatuuZindagi,Feelings
iMarketing_E,Social Media
iamgigoloindore,Youtube
iamrulevo,Publicity
iamshivas,Casino
iamsnazzykhan,Feelings
idontknow676,Feelings
iemasumi6l65,Other
iffurehaan,Travel
iggor6419,Cryptocurrency
igopishh,Other
ikkaraiks,Other
ikpss,sports
ikshith,Feelings
ilan_gray,Music Event
iliaskasrast,Online Games
ilizatwittcame,Other
ilovedenis12121,sports
ilusha_korovkin,Cryptocurrency
iluvmythirtyone,Feelings
imZaib12,Emotions
im_your_deja_vu,Youtube
imanhateb,Politics
imartova,Fashion
imcreynolds52,Feelings
imjg250,Feelings
imom222,Mobile
imran1023,Emotions
indivibe,Music Event
interfais78,Publicity
ioru90,Feelings
irina03031953,Religion
irina715,Religion
irina_gromova_1,Music
irixpopova,Online Games
ishirokuro,Cryptocurrency
ispetrov1,Cryptocurrency
itsjram,Feelings
itsmeneerajj,Feelings
ivanchigrin,Cryptocurrency
ivanovskii101,Cryptocurrency
ivanqn2,Business
ivonne616,Startup
ivspasov,Money
j15e_,Trump
jackieleila,Feelings
jadono2,Music
jag028,Other
jaimeh0304,Adventures
jaken_ru,Casino
james_dione,Feelings
jamieranah,Adventures
jandjmaxwell,Feelings
jangalichev,Cryptocurrency
janreichelt1,Cryptocurrency
jantuar2002,Cryptocurrency
janzalone,Other
jas_bry_lev,Feelings
jatinbrd,Other
jayaspu,Fashion
jayden_woo10,Feelings
jaydensmommy63,Trump
jcalton82,Feelings
jcannon50,Feelings
jeannegallo,sports
jeckson_kent,Casino
jenHDhall,Feelings
jenashton12,Feelings
jenkburk,Other
jennstick,Other
jensolivia07,Feelings
jerseymami1988,Money
jessilinn87,Feelings
jewellmcsweeney,Feelings
jfanth,Publicity
jhaparag,Feelings
jjeben1,Trump
jjgreenbags,Other
jjjones2424,Feelings
jjuancampos02,Feelings
jladlercpa,Other
jmbarto1987,Feelings
jncreed,Feelings
joette5,Emotions
johndav54219,Youtube
johndrummergama,Operating System
jopaIPAD,Religion
jp1220gj,Zombies
jrakum,Publicity
jthomas87,Feelings
jthowefl,Feelings
juliogustavo20,Mobile
justine_edge,Feelings
justme2922,Other
justwantsamsD,Feelings
k512Lexa,Facebook
ka1r_kz,Cryptocurrency
kabarda5266,Other
kalyanbarik07,Feelings
kalyanrai2003,Feelings
kanab,Technology
kanakaa1,Emotions
kariKarina59,Career
karkavina85,Startup
karpii_oleg,Cryptocurrency
karunakarmacha,Music Event
katekuxarenko,Online Games
katenkadobroe,Operating System
katerinka961800,Music
kathhryyynnn,Religion
kathieYasko,Feelings
katia_katia_86,Technology
katuninaelena,Startup
katuwe4ka007,Other
katya_2110,People
katyakiss1998,Career
kav491,Cryptocurrency
kayur_2010,Adventures
kazeno2009,Cryptocurrency
kcardinal2,sports
kdlopez2,Facebook
kellyannelizbth,Feelings
kellyshewes,News
ketanydv,Politics
keyoy1,Casino
khalid4b0,Feelings
khan_nasair,Feelings
kicherova2011,Poetry
kindomkame,Other
kiranvuchil,Feelings
kirtok57,Religion
kiruxa023,Moblie Phones
kisa_20,Trump
kisin7765,Youtube
kisses8585,Casino
kitchenTQK,Fashion
kitners,Feelings
kkkdjhfyf,Other
kleberlopes10,eCommerce
klim1a,Zombies
klim_ue,Social Media
klyaksl,Other
klyuchnikovden1,Social Media
kmorisett,Feelings
knoef_danelle,Career
kol_ga,Moblie Phones
koljan011286,Feelings
kolotvin,Money
komarovii,Publicity
konkottsrinivas,Feelings
konsingo1,Pawan Kalyan
konstantinniko1,Career
kopilov68a,Cryptocurrency
koptevavary,Cryptocurrency
korpechkin,Other
korzinoka777,Casino
koscheev,Zombies
koshak0111,Cricket
koshevin,Business
kotenok_ao,Other
kourtmtdel,People
kozhukhova1,Other
kozin045,Brands
kozjerok1210,Zombies
kpa6hide132,Feelings
kpe7erson,Mobile
kras_skandy,Facebook
krasnoffserega,Other
krisaploch,Feelings
krisjt69,Other
krislynn1974,Other
kseni_rodina,Facebook
kshiver01,Social Media
ksr1111,Feelings
ktaylor1124,Feelings
kthuffgirl,Feelings
ktshlds,Feelings
kukla_in,Children
kukorax,Europe
kulaevas,Other
kunjos,Casino
kushagrajo,Feelings
kutchlucas,Feelings
kvannett,Fashion
kyleeav,Trump
kym_64,Feelings
lCClMagnit,Europe
l__Julie__l,Feelings
l_yakovenko,Online Games
la5st4bmaroe,Online Games
ladino2,Poetry
ladka_yo,Other
lady_ryajskaya,Facebook
lakshred,sports
lalaland579,Emotions
lalatimothyomu,Feelings
lana6669991,Travel
lana_1_3,Children
landinvestmenti,Social Media
lanlexmom,Other
lanysikchera,Adventures
larasaitik,Other
larisik1980,Music Event
larkakvint1,Feelings
laural319,Online Games
laurarobakowski,Publicity
lawless_b,Casino
lchina1989,Adventures
lecnoid,Trump
lemond0110,Trump
lena150213,Feelings
lenusechka27,Casino
leo1994_94,eCommerce
leondrak971,Europe
leonova011,Travel
lesja199035,Casino
lexisrj9112,Feelings
li_h_il,Children
libbycvngtn,Feelings
libbynota,Feelings
lil_berka,Feelings
lilgina527,Feelings
liliya20031,Travel
lilseximama88,Other
linaramirov,Fashion
linniegram,Travel
lisabennett628,Publicity
lisakrehb12,Emotions
litTane4ka,Competition
livia3330,Brands
lizkacyper2000,Other
llhlaw,Other
llllalpine,Facebook
llraffNi,Other
lm7772,Casino
lmSBgKOMOme,Music
lochjawznsharky,Brands
lokesh_ca,Feelings
lolezet,Cryptocurrency
lomeshkelwadkar,Other
longrunworks,Feelings
loril43101564,Travel
lorriewillems,Feelings
losbourne,Social Media
lovadarinalova,Moblie Phones
love4uhell,Feelings
loveniacll,Feelings
lowenstein31355,Feelings
lredjansen,Emotions
lubkinss,Feelings
lubniks,Cricket
luisjeremy2,Fashion
luka120579,Online Games
lupus247,Other
luvtayal11,Feelings
lyamito,Feelings
m_magdali,News
m_shield,Politics
maden15169,Feelings
madras_events,Music
maebary6,Politics
mafiozimaf,Religion
magamed446,Career
maggiewatson23,Mobile
maheshgarg92,Other
maiacomp,Feelings
mailuu9,Social Media
makarena0777,Sports
maksik172,Technology
malar722,Cryptocurrency
malinannushka,Cricket
manyn4uk,Other
margarita_rti,Online Games
marinina_89,Startup
markships,eCommerce
maroomshop,Poetry
marroquinedgar,Feelings
marthac0817,Feelings
mary_onley,Children
maseino,Money
masha777masha1,Sports
matheskath,Money
mattia5810,Moblie Phones
matveev9217,Music
matveew78,Trump
max_tehno,Zombies
maximmmmm89,sports
maximus_est,Cryptocurrency
maximusgold1,Poetry
maximuuk,Emotions
maxxdoutek9,Feelings
maya525273,Travel
mays_katie,Feelings
maza_si,Adventures
mbrn90,Cryptocurrency
mcdreamteamfan,Feelings
mchenry_amanda,Feelings
me2uto,Feelings
mechta4691,Casino
medvedevgera,Startup
medvedmarina,Online Games
megakarina2012,Fashion
meganbeardsley7,Feelings
mehtarasesh,Publicity
melanie9275,Feelings
melissa_young00,Feelings
melissadana,Competition
melittaim,Operating System
melvinevinaik,Europe
memanii,Feelings
meng8408,Cryptocurrency
merges_brian,Feelings
merriannie64,Feelings
merzlya87,Online Games
meskalini,Cryptocurrency
met235,Social Media
mfpackaging,Europe
mihail7294,Online Games
mihalev_d,Other
mihalyc666,Music
miheles1,Music Event
miisupov,Other
milenatitova1,Politics
milligj71,Poetry
mir71rus,Money
misaamane19,Social Media
mishany52,Other
mishinmihail1,Social Media
mit9kot,Religion
mitzimac16,Feelings
mixael75,Adventures
mkas99,Music
mkatya334,Social Media
mlscherer13,Feelings
mlymperis,Feelings
mochalkinaliliy,Fashion
modrnAlex,Moblie Phones
mohammedazharu,Feelings
mohd_pistahouse,Fashion
mohdzafar89,Social Media
molikovainna,Other
mommyjulius,Feelings
momof2kids2love,Music
mon420ica,eCommerce
mons_mazarini,Startup
moodyml,Moblie Phones
morganmullins30,Feelings
mostafa196522,Money
movz95,Feelings
mplickteig,Feelings
mr_manish,Feelings
mr_order58,Other
mr_puntastic,Feelings
mranjaan99,Feelings
mrsliz81,Politics
msbinkavgaamy,Music Event
msrirung,Feelings
mssullivan69,Fashion
mstetsunova,Other
mudit_bhandari,Feelings
mugaev_romi,Moblie Phones
muhsin_1974,Europe
mukaramalikhan,sports
mureeder,Feelings
muzkub,Adventures
mwMxANXxx05,Online Games
myalenyshka,Career
myaro79,Feelings
mzagorskaya,People
mzmsandhu,Feelings
n_v_shevchenko,Operating System
nacnif,Music
nadsru,Music Event
naemnikk,Brands
nakessien,Feelings
nakon22891,Emotions
naperkovez09,Music
naresh_kochhar,Feelings
nastastasya,Music Event
nastkb,Poetry
nat62442937,Music Event
nataliazenkina1,News
nataliyasoya,People
natalybekke,Religion
natuly772,Sports
navneetmunothja,Feelings
navneetmunotjai,Operating System
navugill17,Social Media
nclub29,Feelings
near_notoriety,Feelings
neer007,Politics
nefedov2005,Fashion
negdanov,Online Games
negimanish1110,Trump
nehajain1610,Other
nest2505,Music
nextnext1985,Mobile
nickhayward49,Feelings
nicolciknika,Publicity
nicoweikl20,Casino
nik653489,Social Media
nikhil8001,Trump
nikita665samara,Adventures
nikita_pav,Social Media
nikitaxq,Mobile
nikolaygPysch,Brands
nikshra,Music
nilsh20,Youtube
nimnogonado,Other
nirajbansal12,Feelings
niratiagarwal,Feelings
nirmalaral1,Casino
nitinkumar85,sports
nk19731,Adventures
nnnn9543,Feelings
noki661,Music
novu9,eCommerce
npratik007,Music Event
nrgotiga,Feelings
nt123_,Mobile
ntvolley,Europe
nung46,Casino
nurbeka1,Other
nurok_a,Cricket
nurse_audrey_jo,People
nympheya,Religion
o4eBugHo,Cryptocurrency
odessa55555,Europe
odessitka_2012,eCommerce
offers2godeals,Emotions
officermarti,Religion
ogshatalina,Casino
ojethelstan3568,Feelings
okelux,Casino
oksanakomi,Career
oleg19681,eCommerce
oleg96rus,Other
olegburko1,Poetry
oleghi1978,Social Media
olesjonok,Music Event
olga_svetina,Social Media
olgabugako,Fashion
olgahvan53,Feelings
olgalelyasmirno,Startup
olgastar6,Other
olyagala,Casino
olysa2008,Sports
only2mudita,Poetry
onteru,Feelings
opthalmic1410,Other
orenburg_sergey,Feelings
orfida086,Other
owais45659306,Business
padmaalluri,Other
pahanchikd,Cricket
paijeca,Poetry
pamela_wiseman,Religion
panda_manda25,News
pankaj62bhargav,Feelings
pantbhatt,Politics
parkhomsasha,News
parthpatel120,Feelings
patapon297,Youtube
pavel1057,Career
peavsters,Feelings
personfalNovah,Music Event
petr_gr,Casino
petra46176038,Sports
petrov121_,Europe
petruha81,Operating System
pewpew228,Business
phillipstamela,Feelings
piarov2012,Music
pitashuly001,Startup
pitbullzeus,sports
pj_david19,Technology
pjvjr,Casino
pkkanth,Pawan Kalyan
pna79,Children
pneerajsharma,Feelings
poofyfunk,Zombies
portageSOLf,Feelings
powerjudge,Travel
pradnyabesekar,Travel
prakharsingh_,Feelings
prakulck,Feelings
pranavmenon19,Pawan Kalyan
prasadjyothula2,Politics
prashanthraj_27,Politics
prat33ksha82,Feelings
pratiwi_joana,People
praveen_reddy1,Feelings
preaty_kisa,Music Event
prernamotwani,Feelings
prevatt_alexis,Feelings
princesscoffman,Career
priyamagarwal,Feelings
priyashores,Feelings
programer00,Money
proisel,Brands
prokin95,Business
prostoDAGs05,Religion
proteuss1,Brands
pu561721,Casino
qalibqalib78,Music Event
qw2erty,People
qweqwe30667496,Mobile
rachieann86,Religion
radeckyi,Music Event
raf16rus,Other
raghurpoduval,Feelings
rahuldawar92,Feelings
rainawithsky,Religion
rajks73,Feelings
raju10d,Other
rameshyakkali,Publicity
ramiroastie,Operating System
ramu905,Feelings
ranan1,Feelings
randy_rabrth,sports
raptorcanoe,Other
rashidkunnath_9,Feelings
ratlisha,Zombies
ravidamonk,Feelings
ravina2312,Music
ravineHyamsih,Feelings
ravsh777,Emotions
rbkuist,Feelings
relaxvip6,Operating System
rensieh,Religion
reuben1511,Feelings
rezaulhuda1,Pawan Kalyan
rhydham_bansal,Politics
riffi13,Business
rififi84,Other
rim4331,Other
rinat31031981,Trump
ris0612,eCommerce
rishiraj7,Feelings
rivers_rios,Feelings
rjm3d,Feelings
rjvfhjd97,Cryptocurrency
robertoballardo,Music
rodilovec,People
rodionova_01,Feelings
rohitkyathoor,Feelings
romansergeev198,Adventures
ronaldo03011980,Sports
roniii1982,Music
ronniemccune,Pawan Kalyan
rosetopic,fashion
roshupkin1985,Music
rowey6,Feelings
rpugase,Music
rrazvalyaev,fashion
rrsteph256,Trump
rshawngross,Feelings
rubyinddust,Feelings
rudny57,Other
runusova,Sports
rus_jump,News
ruscjv65,Trump
ruslan22012,Feelings
ruslan357212,Music
ruslan_ryfin,Feelings
ruslan_stan,Europe
ruslankurambaev,Mobile
ruzveltiogan,Facebook
rvarav6318,Other
rwhmfax782,Feelings
rwn_driver,Moblie Phones
ryknayeem,Music
rysalka861,Emotions
s_barjatiya,Feelings
sa_samonte,Feelings
sabrina50202540,Fashion
sabrinaparks77,Competition
sachinblunt,Feelings
saddsa19931168,Feelings
sadovn_vlad,Feelings
saduga88,Other
saeed_alkubais,Adventures
sahil3323,Feelings
sakamaka123456,Other
salavatow,Zombies
salewood23,Startup
salilpahuja,Emotions
salmanzeus,Other
saluja_avinash,News
samanvaiart,Children
sambantu,eCommerce
samd0124,sports
sameyanna1999,Casino
samrahul21,Feelings
sandi9411,Feelings
sandonteeth,Music Event
sanjaydara8577,Feelings
sankalpguha,Feelings
sanket_athorat,Feelings
sans84,Fashion
sanya23282,Zombies
sapostatik,Europe
saruhansingen,Other
sasa20045,Zombies
sasha4852,Other
sasha_2100,Startup
sashayamskih,Casino
sassytemptation,Europe
satishjuly51,Feelings
saucyminx78,Trump
sav031186,Music
savokin_ivan,Religion
saw0107,Operating System
sayasikhan,Moblie Phones
scblocker,Other
scentre777,Pawan Kalyan
scharipov7,eCommerce
schatyn56,Other
schichow1,Moblie Phones
scootrapp,Music
seble1111,Feelings
seftkorzak,Other
sellis8084,Feelings
sem5570,Cricket
semin_nik,Cryptocurrency
senge1989,Feelings
ser8566120,Operating System
serdimpol,Career
serega2552D,Fashion
seregaserega201,Fashion
sergei523,Social Media
sergei_bulatov,People
sergey10503,Cryptocurrency
sergey21021981,Zombies
sergeyglyshko,Poetry
sergeymnews,Business
sergindd,Other
seriy7325,Other
serj5800,Fashion
serj76ua,Other
service_kom,Online Games
setphenrobert,Trump
sett70,Music Event
shafiullina,Europe
shahinaslann,Casino
shamsali906,Moblie Phones
shanbajo,Cryptocurrency
shannah_glacken,Feelings
shannon10674439,Europe
shannonb2003,Politics
shardah1992,Feelings
sharongnzlz,Feelings
sharonjoycar,Fashion
shawneceemm,Feelings
shi_wtomo2382,Feelings
shiva6111,Feelings
shivuppalanchi,Feelings
shots85,Money
shradhey_saxena,Politics
shreksruthi,Feelings
shreyas2001,Feelings
shunaris,Sports
shwarpsjy,Feelings
shyambaba3,Feelings
siddhu739,Feelings
silver_dny,Feelings
silviaesantos,sports
singal_swaraj,Politics
sivasiju,Career
slamat_k,fashion
slon141086,Online Games
smurphette78,Feelings
snakefetus,Music Event
solomwnidou,Sports
sonnia_24,Operating System
sonynimy,sports
sosogop,Europe
soumya296,Music Event
sporTsmen7,Children
springmomtx281,Feelings
srbezawada,Feelings
sridhar5002,Politics
srikoflyboy,Feelings
ssultania5,Zombies
starletgurl,Feelings
startupdirexion,Feelings
stouns_83,Sports
str8ridin,Feelings
stretchabdul,Feelings
studiovisionru,Zombies
subrama80867152,Trump
sudeepmallya,Feelings
sukameti,Feelings
sulemantharani7,People
sumit10101987,Feelings
sunil0714,Youtube
sunilnagpal,Feelings
sureshsvv999,Social Media
surgeragent,Cryptocurrency
susancruz23,Feelings
sveta_sam,sports
svlani,Operating System
svlef7stillwell,Feelings
swannyfood,Zombies
swapnil_shankar,Cricket
swathi_jain91,Feelings
swathiyer,Feelings
swingdance1999,Feelings
szemlyanoy,Pawan Kalyan
szhirok,Online Games
t_takufda_tsnr,Politics
tarikulislam0,Music
tariqfarid6,Feelings
tartle2002,Feelings
tema1100,Youtube
temikaaailf,Europe
thanzismyname,Emotions
thelastbrearh,Feelings
thenikkig09,Politics
theotakuu,Other
thereddys,Feelings
thisisneer,Feelings
tjrickysingh,Feelings
tka_olga,Career
tolkachvg,Online Games
torrheMcVay,eCommerce
toshpiatsduxtm,Mobile
tporoshina,Other
travelmela,Travel
trybka_mira,Other
tural1551,fashion
twicrazee,Emotions
udbhav_tiwari,Politics
umangoel073,News
umnisakrasavis,Poetry
usmanovmm,People
uwasimk,Feelings
va_wardda20,Cryptocurrency
vaall66,Cryptocurrency
varezhka95,Brands
varlamovSlavik,People
varunadiraju,fashion
vato027,Facebook
ved7413,Money
vegrulz,Fashion
venkatkmu,News
verma_mansha,Music
vgk001,News
vijaygb_vin,People
vik68055951,Facebook
vikapovetkina10,Children
vineet7032,Other
vishal1604,Politics
vivamarselina,Adventures
vladislav78951,Feelings
wauldby3,Operating System
weemama76,Cricket
westspead,Technology
wildflower2981,Zombies
willits_justin,Business
wilsonn21,People
wowentheocean,Emotions
xena713,Travel
xfvhjuy,People
xiaoboli,Money
xupypr07,Operating System
xvky,Social Media
xxMaksimkaxx,Cryptocurrency
yanis_mf,Other
yanjoEvers,Feelings
yankybaby,Feelings
yodawg111,Cryptocurrency
ypasukit89,Casino
yulya85,Other
yvsundeepsunny,Other
zamalbiznes,Poetry
zavadnou,Europe
zhuchkovsergey,Casino
zoalida,Social Media
zoberapp,Music
zoezackbella,Social Media
zombieman5000,Startup
zsiloamcrutcher,Emotions
